time,throttle
0.01,4.312
0.02,5.188668290774803
0.03,5.194784717350257
0.04,5.200066496168479
0.05,5.204741404094877
0.06,5.20904461797675
0.07,5.212907845271223
0.08,5.216150726359456
0.09,5.219736160884642
0.1,5.223647944037142
0.11,5.213613475180273
0.12,5.217704266263674
0.13,5.222307801351868
0.14,5.227374742117715
0.15,5.231705755976521
0.16,4.965352958527364
0.17,4.964695356637088
0.18,4.967312064605326
0.19,4.971172508027707
0.2,4.8398916448609235
0.21,4.841231781220592
0.22,4.6651467355004606
0.23,4.659865369943415
0.24,4.65998960488556
0.25,4.6622983854646805
0.26,4.519046528844452
0.27,4.51432263898308
0.28,4.514999464650274
0.29,4.517649732915526
0.3,4.521540025822501
0.31,4.357765916254656
0.32,4.34798743778707
0.33,4.342636695254888
0.34,4.342536802537906
0.35,4.2258220353358125
0.36,4.203641277542629
0.37,4.1853668900301395
0.38,4.171100961001473
0.39,4.16105559606499
0.4,4.132346205261101
0.41,4.119227419516333
0.42,4.093724313444394
0.43,4.077421858578485
0.44,4.065601025978244
0.45,4.060492451307429
0.46,4.051913425557105
0.47,4.040810056810886
0.48,4.036958781927083
0.49,4.036718965131524
0.5,4.040431040086375
0.51,4.027763461034805
0.52,4.020756600535725
0.53,4.019660219254668
0.54,4.0208819508960545
0.55,4.038308445599169
0.56,4.022413427395254
0.57,4.011251395269794
0.58,4.0074083977398285
0.59,4.00766476514518
0.6,4.025274989374586
0.61,4.014679017794255
0.62,4.035965596784193
0.63,4.023661599407211
0.64,4.018717109288018
0.65,4.017205041978184
0.66,4.045045970056854
0.67,4.040764793165206
0.68,4.039138651788217
0.69,4.039320051305964
0.7,4.040929980898703
0.71,4.091289435476235
0.72,4.08634152741594
0.73,4.083579653442711
0.74,4.082328082981491
0.75,4.082360482685536
0.76,4.1634409041421465
0.77,4.151294069163085
0.78,4.144710249303913
0.79,4.140240218175656
0.8,4.188876661886894
0.81,4.180739165903662
0.82,4.210310387091858
0.83,4.2017456133699955
0.84,4.195639181897519
0.85,4.191165559388776
0.86,4.215107874447463
0.87,4.20908513384918
0.88,4.204302634646731
0.89,4.2004753311722265
0.9,4.228303911805847
0.91,4.22121266006659
0.92,4.215324278053041
0.93,4.210270857794424
0.94,4.205926834841356
0.95,4.2359269408187545
0.96,4.226076053403772
0.97,4.217966789790486
0.98,4.210941573284788
0.99,4.204756353262276
1.0,4.221751107507335
1.01,4.212539398805631
1.02,4.21997319644725
1.03,4.209891470640476
1.04,4.20118553177285
1.05,4.193435416241888
1.06,4.2012392779987735
1.07,4.192050288334435
1.08,4.183778591758521
1.09,4.176206974133851
1.1,4.189855649680268
1.11,4.17967837789769
1.12,4.170605751923937
1.13,4.162328972933818
1.14,4.154689475985082
1.15,4.164826645368781
1.16,4.155212071611136
1.17,4.1465643542966815
1.18,4.138702636360461
1.19,4.171870104830303
1.2,4.1581757300853734
1.21,4.147459967308572
1.22,4.1380710612044735
1.23,4.12962026942431
1.24,4.14268086908052
1.25,4.154622488153829
1.26,4.144323662144968
1.27,4.135005700109962
1.28,4.126492954064969
1.29,4.1187077753181605
1.3,4.139690827687221
1.31,4.130410882041507
1.32,4.121922739565026
1.33,4.114181595940912
1.34,4.13032729338855
1.35,4.121853854302117
1.36,4.113978170793157
1.37,4.106656139857775
1.38,4.1003886283642395
1.39,4.143378744395901
1.4,4.13556694652385
1.41,4.127538086444868
1.42,4.119167631996832
1.43,4.138220168620823
1.44,4.130897410045442
1.45,4.1511351327427315
1.46,4.143685345730391
1.47,4.134994246000808
1.48,4.126624009551438
1.49,4.155314187682618
1.5,4.14904293006406
1.51,4.141129751342345
1.52,4.13317016301492
1.53,4.125916938333343
1.54,4.143460895357797
1.55,4.138059215816005
1.56,4.131695384176519
1.57,4.126176587890518
1.58,4.173054335501984
1.59,4.170665383227477
1.6,4.166927342764792
1.61,4.160871914005958
1.62,4.154094955260046
1.63,4.174690470008668
1.64,4.170408904373643
1.65,4.2040517191249815
1.66,4.200967952381143
1.67,4.1956646187990625
1.68,4.187777062696366
1.69,4.179907888705106
1.7,4.195698206281541
1.71,4.189768715817423
1.72,4.183343901817343
1.73,4.177015181215392
1.74,4.1918186956212375
1.75,4.188773444286222
1.76,4.184035260107362
1.77,4.176290112189536
1.78,4.219773623231212
1.79,4.222336264218993
1.8,4.222803781323138
1.81,4.219720055763562
1.82,4.215035374402588
1.83,4.239279504092333
1.84,4.23943474628124
1.85,4.25325838109708
1.86,4.251616189806614
1.87,4.246503851534624
1.88,4.240287857750023
1.89,4.231245942271822
1.9,4.25143818215493
1.91,4.252051022362013
1.92,4.247286739205258
1.93,4.239318988306416
1.94,4.256044676974934
1.95,4.2541330428308095
1.96,4.247661122465924
1.97,4.238472712153287
1.98,4.227182587942975
1.99,4.271101451948766
2.0,4.280245148815194
2.01,4.284787190539171
2.02,4.282220107696197
2.03,4.302892166138504
2.04,4.306611736022619
2.05,4.325165082581702
2.06,4.330454289372902
2.07,4.327949213162547
2.08,4.321317501092095
2.09,4.311977777180196
2.1,4.336327869753862
2.11,4.338272438591273
2.12,4.33311199540573
2.13,4.3248621870375334
2.14,4.314377998018023
2.15,4.331611200849758
2.16,4.327202355168579
2.17,4.3193993441103276
2.18,4.309332002639574
2.19,4.354234309369416
2.2,4.365763098733359
2.21,4.3725204513752765
2.22,4.373939117189963
2.23,4.368212369241495
2.24,4.390790578035584
2.25,4.415306959624369
2.26,4.423279485497235
2.27,4.425664422940631
2.28,4.4205211008135645
2.29,4.412242721298774
2.3,4.435045646674789
2.31,4.438076380227333
2.32,4.433431933598153
2.33,4.425545138475404
2.34,4.415440761911679
2.35,4.4334233364029
2.36,4.434122485658748
2.37,4.428254562799659
2.38,4.419646744242399
2.39,4.443798441072341
2.4,4.452264222840772
2.41,4.455591933458897
2.42,4.451270740514396
2.43,4.443727279102841
2.44,4.454646853765248
2.45,4.469051847776779
2.46,4.473950059933733
2.47,4.471052203139719
2.48,4.464400226988814
2.49,4.455432411655094
2.5,4.464476884334087
2.51,4.463544270398987
2.52,4.458018731070496
2.53,4.4500982260866335
2.54,4.4552644156015395
2.55,4.4520622204438265
2.56,4.445870953469974
2.57,4.437773224025074
2.58,4.433654195039938
2.59,4.429090703802128
2.6,4.422420442839302
2.61,4.414297510675748
2.62,4.405148160242871
2.63,4.4133072330437395
2.64,4.422650457508617
2.65,4.42713502544645
2.66,4.425046608162703
2.67,4.420561669200896
2.68,4.424967721073487
2.69,4.442493118290361
2.7,4.451471862959884
2.71,4.4539254949750005
2.72,4.451922504654846
2.73,4.465005610571581
2.74,4.466886677977391
2.75,4.465074631939812
2.76,4.46121981095501
2.77,4.455949723503071
2.78,4.460654775125978
2.79,4.459450475107681
2.8,4.456487446935795
2.81,4.4523567015796415
2.82,4.463131244147503
2.83,4.476766291771123
2.84,4.486058695762405
2.85,4.4886631957595595
2.86,4.48853487482817
2.87,4.492629211836084
2.88,4.495428845129607
2.89,4.503889532047976
2.9,4.514360185185484
2.91,4.518153696674324
2.92,4.519165359060989
2.93,4.521606603917154
2.94,4.526582837897654
2.95,4.528469262238724
2.96,4.52864157411564
2.97,4.526550559993634
2.98,4.529880028011626
2.99,4.531310877379947
3.0,4.531572274555522
3.01,4.531669533332549
3.02,4.522250056900799
3.03,4.528415211925906
3.04,4.532713440964454
3.05,4.533864736964003
3.06,4.513596471971032
3.07,4.52928559543374
3.08,4.541210213570496
3.09,4.548126055323375
3.1,4.534573749615869
3.11,4.548114998874158
3.12,4.541877760034687
3.13,4.555682937856562
3.14,4.564236036274458
3.15,4.568222949938714
3.16,4.570862700312427
3.17,4.5606392556447375
3.18,4.565998853790165
3.19,4.570006590611732
3.2,4.573017474072785
3.21,4.554227921022271
3.22,4.562468050886237
3.23,4.568532247873731
3.24,4.573333462905309
3.25,4.557399548810291
3.26,4.565583990243328
3.27,4.572005772848514
3.28,4.577332082803176
3.29,4.581994629912862
3.3,4.530861868545989
3.31,4.546869009770098
3.32,4.559660380121127
3.33,4.568347061904245
3.34,4.548325441729668
3.35,4.516916892468781
3.36,4.531368671145805
3.37,4.541454809342699
3.38,4.5497977975235875
3.39,4.557212649466231
3.4,4.535005540597154
3.41,4.543546974273627
3.42,4.551287889867366
3.43,4.558501593348917
3.44,4.565385712326909
3.45,4.538941907908514
3.46,4.547974895963721
3.47,4.556495470386506
3.48,4.564770142091466
3.49,4.501620820650895
3.5,4.513910854958413
3.51,4.524749642953938
3.52,4.534951846366881
3.53,4.54480900536264
3.54,4.516382534381265
3.55,4.491230682548921
3.56,4.502573361837685
3.57,4.513566628592374
3.58,4.5243790178840335
3.59,4.535130687470921
3.6,4.50115382942726
3.61,4.5125860792909736
3.62,4.524041831753334
3.63,4.535588009721195
3.64,4.512060692779544
3.65,4.523907474739058
3.66,4.535965572415221
3.67,4.548211497667375
3.68,4.560635297216601
3.69,4.49648799432586
3.7,4.50782737487339
3.71,4.5199774749168125
3.72,4.53297181570387
3.73,4.546908162427438
3.74,4.522254246747424
3.75,4.495301274815132
3.76,4.506280117884071
3.77,4.5186035303879555
3.78,4.53278742932068
3.79,4.547454491309207
3.8,4.509931958403698
3.81,4.520857129881278
3.82,4.5335998162780955
3.83,4.548188617958504
3.84,4.522889978949753
3.85,4.534401463238478
3.86,4.5484966218286305
3.87,4.563294009394114
3.88,4.542636180689749
3.89,4.555075545035412
3.9,4.569294328603452
3.91,4.583912156306606
3.92,4.598634671401962
3.93,4.525458135748984
3.94,4.5324102927687875
3.95,4.5415328505988075
3.96,4.554030483856949
3.97,4.528546178237885
3.98,4.477469564598225
3.99,4.484880833089219
4.0,4.495097410426108
4.01,4.5094692278058215
4.02,4.525185410813237
4.03,4.493345775346967
4.04,4.50619279575226
4.05,4.521234433515252
4.06,4.537224490273221
4.07,4.517295350239035
4.08,4.530844668910589
4.09,4.545664488523129
4.1,4.561042814885395
4.11,4.576614550778063
4.12,4.54915280856245
4.13,4.559503348086559
4.14,4.571986854682189
4.15,4.585224018412235
4.16,4.530527350554319
4.17,4.533723343057882
4.18,4.539941354890442
4.19,4.550916544857593
4.2,4.563341111968888
4.21,4.523812009011804
4.22,4.48299074054689
4.23,4.4856889688356185
4.24,4.491950049288529
4.25,4.503716522002263
4.26,4.476468037126319
4.27,4.485138815756093
4.28,4.497909099738037
4.29,4.511998337852866
4.3,4.526783961116556
4.31,4.492326412241144
4.32,4.501085030821323
4.33,4.512748707480204
4.34,4.5256084767700955
4.35,4.5390533442073
4.36,4.494651237027132
4.37,4.494972692839342
4.38,4.4995326569945355
4.39,4.509218528777156
4.4,4.477465482686421
4.41,4.4793573129198485
4.42,4.449056459727302
4.43,4.450254737132812
4.44,4.458011615225719
4.45,4.468690001000911
4.46,4.4497659979387105
4.47,4.457897309782344
4.48,4.468437951689407
4.49,4.480218043364535
4.5,4.492656680404677
4.51,4.472490622386979
4.52,4.478779001504252
4.53,4.487294114915858
4.54,4.496886365125713
4.55,4.484438268615155
4.56,4.4895056586096675
4.57,4.496358652964794
4.58,4.504165109026587
4.59,4.514460770319338
4.6,4.4842800777330405
4.61,4.477509271107765
4.62,4.47510256320472
4.63,4.478488419278488
4.64,4.4625083378602355
4.65,4.440420778886631
4.66,4.435193361190817
4.67,4.436863135797873
4.68,4.441790015825407
4.69,4.448864240878171
4.7,4.430519517121482
4.71,4.430705415746386
4.72,4.43477802630773
4.73,4.441502963400303
4.74,4.429612786248208
4.75,4.431296268657475
4.76,4.436727438249874
4.77,4.444987577998413
4.78,4.4553556293469505
4.79,4.426666776387821
4.8,4.415918481339918
4.81,4.410454973642542
4.82,4.4132637108719
4.83,4.419579994245866
4.84,4.406422447160735
4.85,4.388937092513849
4.86,4.381296209344463
4.87,4.382351279494942
4.88,4.387554154971305
4.89,4.395483189242371
4.9,4.378710728585849
4.91,4.377638426883048
4.92,4.381737985088094
4.93,4.388698611513952
4.94,4.376504371037922
4.95,4.378145882028803
4.96,4.383374646820215
4.97,4.390978988650614
4.98,4.400298660524176
4.99,4.375004707040537
5.0,4.363383384717509
5.01,4.357162071728915
5.02,4.358923967156563
5.03,4.340783950213311
5.04,4.332802969580918
5.05,4.319397963870939
5.06,4.315051957969224
5.07,4.318024555554283
5.08,4.323928573362852
5.09,4.331870209934982
5.1,4.320034164353757
5.11,4.320094384306143
5.12,4.323910440613504
5.13,4.330061287374188
5.14,4.323527401699369
5.15,4.324584241839754
5.16,4.328674228857434
5.17,4.334781968050795
5.18,4.342418985897777
5.19,4.328176250114772
5.2,4.315909721528772
5.21,4.308825383817867
5.22,4.309188663859793
5.23,4.2990633573664505
5.24,4.293119223503604
5.25,4.281322715063884
5.26,4.274384140226984
5.27,4.274785700006371
5.28,4.278015221248109
5.29,4.283151158991612
5.3,4.275310859135247
5.31,4.272764412625523
5.32,4.273937263683164
5.33,4.277305713802949
5.34,4.272767083686786
5.35,4.2712320860841695
5.36,4.2725848249296305
5.37,4.275818005084305
5.38,4.280441449846451
5.39,4.279329533397155
5.4,4.26582127584277
5.41,4.257279046925291
5.42,4.255458678568213
5.43,4.256183198355734
5.44,4.254112337733173
5.45,4.246549943057708
5.46,4.236196999650415
5.47,4.2329013274661085
5.48,4.232523840524234
5.49,4.234040305527821
5.5,4.233912632437886
5.51,4.228580205895646
5.52,4.226807923492929
5.53,4.227059626729735
5.54,4.228552291644485
5.55,4.224533266635253
5.56,4.223107382910046
5.57,4.223384427024963
5.58,4.224908430772603
5.59,4.235558125809739
5.6,4.220757982097856
5.61,4.210387022191365
5.62,4.2060401627341655
5.63,4.207572885164143
5.64,4.198460535951267
5.65,4.194578361940479
5.66,4.195540397353766
5.67,4.189373370252711
5.68,4.18605553690163
5.69,4.184505228710223
5.7,4.190747952887591
5.71,4.182639551908898
5.72,4.178294173655656
5.73,4.1758493077841425
5.74,4.180897691449224
5.75,4.174575170109652
5.76,4.17075530104676
5.77,4.168581141208487
5.78,4.167678337029206
5.79,4.182215050751189
5.8,4.165610172745794
5.81,4.1526122488614385
5.82,4.144821238759284
5.83,4.140322048308112
5.84,4.144417825048119
5.85,4.13462801063092
5.86,4.136117979297775
5.87,4.125361881497937
5.88,4.119730023612165
5.89,4.116248104740353
5.9,4.1248850266075525
5.91,4.114352971856514
5.92,4.108750422758234
5.93,4.105259735016278
5.94,4.113076316228635
5.95,4.105820244272184
5.96,4.1013129546858
5.97,4.098601251953254
5.98,4.10500155046336
5.99,4.099476033362429
6.0,4.096049926749896
6.01,4.09434078748826
6.02,4.094065071909519
6.03,4.122506298739518
6.04,4.108876132038624
6.05,4.098197712422957
6.06,4.09153815722931
6.07,4.100872426495522
6.08,4.092930929964389
6.09,4.114218296529701
6.1,4.1035190940071935
6.11,4.096110246609805
6.12,4.090162950612417
6.13,4.106865028182931
6.14,4.099303149580153
6.15,4.0929792557009
6.16,4.08772307798952
6.17,4.083498839804625
6.18,4.096637356278674
6.19,4.0909728640668135
6.2,4.086261364631176
6.21,4.082547576584329
6.22,4.130135878199547
6.23,4.121860752814197
6.24,4.113812976522403
6.25,4.106042390750925
6.26,4.098396461240138
6.27,4.114543193798168
6.28,4.107227180796058
6.29,4.138284850786431
6.3,4.130694824290598
6.31,4.1224019033365895
6.32,4.113246162517738
6.33,4.135903982047361
6.34,4.128196492101939
6.35,4.11902286659264
6.36,4.109982284150809
6.37,4.1274196932274645
6.38,4.119596711593677
6.39,4.111053504092433
6.4,4.102914561031218
6.41,4.095624625044695
6.42,4.116856606599703
6.43,4.111893240527375
6.44,4.105047092865373
6.45,4.098601221636073
6.46,4.1416341890949395
6.47,4.138225993663347
6.48,4.133671142698341
6.49,4.126167531683563
6.5,4.118254397538019
6.51,4.149338561406922
6.52,4.185003643945299
6.53,4.181225455204464
6.54,4.175059402777269
6.55,4.165176193249078
6.56,4.154353106980985
6.57,4.175224807095509
6.58,4.1656974244090375
6.59,4.155253472046885
6.6,4.14502991267965
6.61,4.175431894856217
6.62,4.169263793941477
6.63,4.1595484940529355
6.64,4.150198919890761
6.65,4.1404992926827076
6.66,4.188030782854123
6.67,4.186371360123583
6.68,4.181654016081225
6.69,4.1728099154203315
6.7,4.163511351414755
6.71,4.195544107577043
6.72,4.232266073939798
6.73,4.231167861735119
6.74,4.226639778600286
6.75,4.217036636981447
6.76,4.24235288397802
6.77,4.235415000380798
6.78,4.225045367361385
6.79,4.213507898061297
6.8,4.201633861468862
6.81,4.233460559424769
6.82,4.2280318568308575
6.83,4.218751556459095
6.84,4.208401115439546
6.85,4.230163407843443
6.86,4.224331988618158
6.87,4.215773429994035
6.88,4.206805160326747
6.89,4.197213888534865
6.9,4.251002307815334
6.91,4.255427847668703
6.92,4.256315251567947
6.93,4.251307113491014
6.94,4.281060634031692
6.95,4.280881947213171
6.96,4.31143064723615
6.97,4.311555016496229
6.98,4.304983634934486
6.99,4.29552729271715
7.0,4.3340598214149475
7.01,4.333850608429441
7.02,4.326692557902193
7.03,4.316830330554588
7.04,4.305424504773019
7.05,4.327351366153308
7.06,4.321250777938094
7.07,4.312406221538068
7.08,4.301939293518343
7.09,4.3520479580660245
7.1,4.360218868878007
7.11,4.364131838477513
7.12,4.361687105700874
7.13,4.386642747907891
7.14,4.388949458970346
7.15,4.4131821096383765
7.16,4.415904924660494
7.17,4.410787704003809
7.18,4.402311259818228
7.19,4.391854748944994
7.2,4.413048509803418
7.21,4.412497660759084
7.22,4.406008766885053
7.23,4.397232439657218
7.24,4.408987399337476
7.25,4.405965595340799
7.26,4.399701230850154
7.27,4.391544796064858
7.28,4.397818264850095
7.29,4.39447110531958
7.3,4.388899322498081
7.31,4.38113842040686
7.32,4.371260868523279
7.33,4.3981001413705005
7.34,4.413625000638775
7.35,4.424716540359755
7.36,4.429454301634087
7.37,4.4264068112626385
7.38,4.433659025078019
7.39,4.453646605854186
7.4,4.464393328117144
7.41,4.468300852439739
7.42,4.464835387984791
7.43,4.478008363706093
7.44,4.47999663298283
7.45,4.476249018509018
7.46,4.469526798478189
7.47,4.460720116831984
7.48,4.471442272760554
7.49,4.471015856167508
7.5,4.4666057478339525
7.51,4.4597313870043465
7.52,4.473731360996629
7.53,4.484693186990556
7.54,4.489754848236454
7.55,4.4871334808847525
7.56,4.481530719336813
7.57,4.485910013759287
7.58,4.4838581143453125
7.59,4.494644472410056
7.6,4.502399147503772
7.61,4.501927215964473
7.62,4.497846714178955
7.63,4.502919768893552
7.64,4.503544538455927
7.65,4.500241671138097
7.66,4.494713580034857
7.67,4.494757880864484
7.68,4.492924195156279
7.69,4.48889022318934
7.7,4.481793729127146
7.71,4.473478583312094
7.72,4.472506120853212
7.73,4.473212992883073
7.74,4.4697898331210375
7.75,4.464834911514744
7.76,4.467728413335937
7.77,4.482980869019654
7.78,4.49371534891228
7.79,4.497655505715019
7.8,4.495556882181979
7.81,4.500208595841478
7.82,4.508407355670158
7.83,4.5189397889974945
7.84,4.522280130315912
7.85,4.520375239935319
7.86,4.524454202442588
7.87,4.525577386549106
7.88,4.524044736287269
7.89,4.520796600664899
7.9,4.516272656053692
7.91,4.514906229754696
7.92,4.517372790005089
7.93,4.5172247792784095
7.94,4.515339686701529
7.95,4.512177731275047
7.96,4.502873085040347
7.97,4.515386386464884
7.98,4.521700192284277
7.99,4.523996735766237
8.0,4.520909431291323
8.01,4.531789079172444
8.02,4.532993398154429
8.03,4.544857903782896
8.04,4.549980680194604
8.05,4.552157375603199
8.06,4.550772425417095
8.07,4.555531640583523
8.08,4.557725621142956
8.09,4.558239783666907
8.1,4.557568841403867
8.11,4.548266310823294
8.12,4.554149906840757
8.13,4.5575049907972085
8.14,4.5592495700337565
8.15,4.559851505404041
8.16,4.536162666222548
8.17,4.5503905117265955
8.18,4.559091426435318
8.19,4.56435051565392
8.2,4.548820611946254
8.21,4.561225626254458
8.22,4.5509935434982705
8.23,4.564038813206884
8.24,4.571355974406029
8.25,4.576414325241985
8.26,4.565166463707702
8.27,4.572283631982674
8.28,4.5774582051440555
8.29,4.5813291426532325
8.3,4.584286093130738
8.31,4.563090625294766
8.32,4.571228216526527
8.33,4.577477277143048
8.34,4.582517538138497
8.35,4.559827427005475
8.36,4.570029557815078
8.37,4.577687696018393
8.38,4.583965391548629
8.39,4.589292917757432
8.4,4.543941364429934
8.41,4.558967678464385
8.42,4.569716347240083
8.43,4.578217194555632
8.44,4.5573497539168395
8.45,4.56803222055951
8.46,4.549859807438539
8.47,4.560860032129992
8.48,4.570007272750971
8.49,4.578112041253681
8.5,4.5461128547492455
8.51,4.556994328118276
8.52,4.56646044788842
8.53,4.575065207893153
8.54,4.5488241277315415
8.55,4.559200907412822
8.56,4.568663931638233
8.57,4.5774932310741825
8.58,4.585894213149878
8.59,4.514641814356901
8.6,4.526188609091318
8.61,4.537025024261922
8.62,4.547405145264741
8.63,4.557481375257987
8.64,4.526892477233234
8.65,4.537800382619012
8.66,4.510128971011503
8.67,4.521283863967873
8.68,4.532441664405963
8.69,4.5436546659486
8.7,4.505882917146725
8.71,4.517184463675334
8.72,4.528788942833512
8.73,4.540638993433178
8.74,4.552712398153721
8.75,4.527399341864432
8.76,4.538913058172674
8.77,4.551063936207771
8.78,4.563936532603961
8.79,4.499777105096297
8.8,4.509418758435159
8.81,4.5202105336952165
8.82,4.532270237379379
8.83,4.545786512443401
8.84,4.519773448915469
8.85,4.530951582929426
8.86,4.507613675813813
8.87,4.518494847617016
8.88,4.531743316090992
8.89,4.545638843966724
8.9,4.51186405949691
8.91,4.521771698610857
8.92,4.534376020974071
8.93,4.547947473956219
8.94,4.523563594219758
8.95,4.533846225566692
8.96,4.546764197400748
8.97,4.560124630077897
8.98,4.573540487709454
8.99,4.510070207465093
9.0,4.515315540441668
9.01,4.522672912964126
9.02,4.533101818681216
9.03,4.545622380137102
9.04,4.520557890374996
9.05,4.529262150657723
9.06,4.489628704018734
9.07,4.495894864000349
9.08,4.505293423083166
9.09,4.517963128204736
9.1,4.497197323625829
9.11,4.507483787527533
9.12,4.519856855518519
9.13,4.532882084118652
9.14,4.54604822719668
9.15,4.526977191227456
9.16,4.536819908717652
9.17,4.547646697610176
9.18,4.558655443755885
9.19,4.569436009475036
9.2,4.525057360274893
9.21,4.525224284982713
9.22,4.528117447659371
9.23,4.535537719837387
9.24,4.5144140749904995
9.25,4.517949765241148
9.26,4.4964725865842805
9.27,4.499932261206723
9.28,4.508180035857288
9.29,4.517515538152143
9.3,4.49044973281148
9.31,4.493672173451957
9.32,4.501604400092434
9.33,4.510534069239382
9.34,4.519457951891983
9.35,4.506881301934501
9.36,4.5126482242761
9.37,4.519221170382014
9.38,4.52823550111961
9.39,4.5396932213886405
9.4,4.506745274586101
9.41,4.501671344485247
9.42,4.499740705587403
9.43,4.504351359698636
9.44,4.488783494835163
9.45,4.487544585530953
9.46,4.472525885322939
9.47,4.470615091798805
9.48,4.475246142499027
9.49,4.483606988020234
9.5,4.463955420154909
9.51,4.462212073200501
9.52,4.467725541240928
9.53,4.4766417810468315
9.54,4.462062536984371
9.55,4.46619375577495
9.56,4.474228894806717
9.57,4.484959308325928
9.58,4.497736541421174
9.59,4.48984492893612
9.6,4.498258272343326
9.61,4.509196877788456
9.62,4.522034342208052
9.63,4.536391240986736
9.64,4.489898310322159
9.65,4.482772544295438
9.66,4.480752449221535
9.67,4.486303646520195
9.68,4.465600694403256
9.69,4.431810788928889
9.7,4.422840628566312
9.71,4.4193859605335515
9.72,4.424100793081506
9.73,4.399951403243782
9.74,4.398225404547196
9.75,4.404127782129093
9.76,4.413212517604217
9.77,4.4245455345829425
9.78,4.4089285200414485
9.79,4.4151560438542505
9.8,4.424226680551687
9.81,4.4353400520438395
9.82,4.4480434620560345
9.83,4.402352469645327
9.84,4.38945889132622
9.85,4.381560865903442
9.86,4.379621534263238
9.87,4.385094801897109
9.88,4.37593799816733
9.89,4.347933045865581
9.9,4.339557893989767
9.91,4.337566890839804
9.92,4.342870052896644
9.93,4.325848566386513
9.94,4.325772944033019
9.95,4.331237436571625
9.96,4.339547673480761
9.97,4.3498847357733785
9.98,4.34555302756222
9.99,4.351278583176736
10.0,4.359436964512412
10.01,4.369345636220501
10.02,4.380558638652701
10.03,4.361422237378216
10.04,4.350965908619396
10.05,4.345786623880044
10.06,4.348389145032927
10.07,4.354129572051764
10.08,4.3472410632597445
10.09,4.32747120242089
10.1,4.317737023976002
10.11,4.314061902308792
10.12,4.3173597857146415
10.13,4.305325253502339
10.14,4.30432965956101
10.15,4.3079105158005095
10.16,4.314012321618724
10.17,4.3218345605803385
10.18,4.312257044788304
10.19,4.312528792881413
10.2,4.3161066046375485
10.21,4.321782059154653
10.22,4.32896173487937
10.23,4.319762617781011
10.24,4.310019503332091
10.25,4.307773348867574
10.26,4.309468794188417
10.27,4.303896279485342
10.28,4.302617863452011
10.29,4.292172706794352
10.3,4.282798686275902
10.31,4.281115379530392
10.32,4.282743943960051
10.33,4.286445524983825
10.34,4.2829097883440514
10.35,4.282212599271875
10.36,4.284036714932067
10.37,4.287553814071713
10.38,4.289058599655427
10.39,4.288517675835035
10.4,4.290023375567394
10.41,4.2929342739903085
10.42,4.29675676467731
10.43,4.297249170144626
10.44,4.282390957496394
10.45,4.272128607315635
10.46,4.268602747604748
10.47,4.263147841748197
10.48,4.256769919703942
10.49,4.249053385525428
10.5,4.236230768168384
10.51,4.230284988852779
10.52,4.227931618289817
10.53,4.224042297036898
10.54,4.213695258370193
10.55,4.209862523618022
10.56,4.2085006197998895
10.57,4.208798162653448
10.58,4.2118486175290695
10.59,4.210113043169709
10.6,4.2098503063584225
10.61,4.210175248879973
10.62,4.215506227635498
10.63,4.20914452191497
10.64,4.205474145223579
10.65,4.203564244739299
10.66,4.203685488758659
10.67,4.216671602087086
10.68,4.201492001527241
10.69,4.19049177900981
10.7,4.184732524099364
10.71,4.181980903144019
10.72,4.188516368211555
10.73,4.189111280714334
10.74,4.173552213081582
10.75,4.16219220220644
10.76,4.156130832928756
10.77,4.152425758712121
10.78,4.161120781962753
10.79,4.15035598073846
10.8,4.14407221109673
10.81,4.141020919169861
10.82,4.146323005440827
10.83,4.140099233782561
10.84,4.136183416792828
10.85,4.133526965678986
10.86,4.157277019683808
10.87,4.142457803704938
10.88,4.131818787730327
10.89,4.126042779810892
10.9,4.121773918726432
10.91,4.136750908389849
10.92,4.1270408336641955
10.93,4.138892432630464
10.94,4.127422036651863
10.95,4.120475583291009
10.96,4.1150345389758245
10.97,4.124940965032572
10.98,4.117507084813202
10.99,4.111690941800167
11.0,4.107069534316017
11.01,4.125953156793669
11.02,4.116455873437732
11.03,4.109443861238941
11.04,4.103812961509186
11.05,4.099280315833447
11.06,4.1168343707198645
11.07,4.106993158909789
11.08,4.10009903329925
11.09,4.09453676189021
11.1,4.129259617843105
11.11,4.116098039889305
11.12,4.105353840137574
11.13,4.097458469625523
11.14,4.114303613572331
11.15,4.1047455885372575
11.16,4.120304179253312
11.17,4.110633852869589
11.18,4.1021470511261136
11.19,4.0945353322610565
11.2,4.118900448664502
11.21,4.1093704141482545
11.22,4.1006635442586035
11.23,4.0926642460699405
11.24,4.085345819258534
11.25,4.102382600045104
11.26,4.093584537975678
11.27,4.085331902226942
11.28,4.077893311521778
11.29,4.130406523695424
11.3,4.121810739796946
11.31,4.11264396557802
11.32,4.102687893486815
11.33,4.127634273609408
11.34,4.118816394240621
11.35,4.108681113767984
11.36,4.129816315738443
11.37,4.119901721305128
11.38,4.109410246750336
11.39,4.099130279235199
11.4,4.130385897539323
11.41,4.1223308569807475
11.42,4.1122507842984035
11.43,4.102100358208369
11.44,4.125580539470331
11.45,4.117461810608346
11.46,4.107639986905518
11.47,4.097918381701029
11.48,4.088736039157021
11.49,4.104210739171023
11.5,4.096142672053971
11.51,4.088078330499922
11.52,4.080639773695367
11.53,4.14279722145213
11.54,4.140170445155133
11.55,4.135606512689948
11.56,4.127923277716611
11.57,4.118635848822207
11.58,4.142740730168725
11.59,4.193839593228926
11.6,4.189915157509659
11.61,4.183278720919892
11.62,4.172414762811002
11.63,4.207104032475051
11.64,4.200111303184451
11.65,4.18873680824154
11.66,4.176206088797667
11.67,4.163154341734816
11.68,4.185633192659103
11.69,4.175263981283421
11.7,4.1638003969952955
11.71,4.151941503804454
11.72,4.185430426023829
11.73,4.1805972087724514
11.74,4.171315357054176
11.75,4.160815679226618
11.76,4.221346932959562
11.77,4.221621745084189
11.78,4.2187068520787
11.79,4.210486552343906
11.8,4.200050173281219
11.81,4.240757859089704
11.82,4.237856335705143
11.83,4.275556953138779
11.84,4.273708766834425
11.85,4.266542687855202
11.86,4.255469257328984
11.87,4.280474426080724
11.88,4.272705877384419
11.89,4.2617861308878355
11.9,4.249399748023717
11.91,4.285085825345635
11.92,4.281671494582097
11.93,4.272312953037592
11.94,4.26107090697641
11.95,4.248772587606809
11.96,4.268787379600451
11.97,4.261571455507431
11.98,4.252155961830287
11.99,4.241497994512208
12.0,4.297039421728178
12.01,4.302870664872934
12.02,4.3047995579521565
12.03,4.300616500601369
12.04,4.2924130972455705
12.05,4.3174028410303125
12.06,4.347467821251199
12.07,4.350286692839285
12.08,4.347521564836689
12.09,4.339072891454334
12.1,4.372285579990297
12.11,4.373468507536296
12.12,4.367225135417767
12.13,4.357952197047316
12.14,4.346913580594439
12.15,4.366000488335496
12.16,4.360139602805343
12.17,4.3515485659096225
12.18,4.341327054354007
12.19,4.329948013378012
12.2,4.368735029453494
12.21,4.377747265151473
12.22,4.382199695527697
12.23,4.3791552558735445
12.24,4.399659448290564
12.25,4.4034242603560765
12.26,4.424673344797703
12.27,4.4292254461022456
12.28,4.425801698679583
12.29,4.4189754912532795
12.3,4.441356898935376
12.31,4.445272222862985
12.32,4.441315572381248
12.33,4.434354595848342
12.34,4.447047201765991
12.35,4.445681410974323
12.36,4.440459891356257
12.37,4.4330206311350135
12.38,4.424050112150203
12.39,4.425813666943559
12.4,4.422187461630556
12.41,4.41635677449659
12.42,4.408352718762598
12.43,4.428927025427617
12.44,4.444034497139801
12.45,4.453731308674968
12.46,4.455307406208707
12.47,4.4518706557857115
12.48,4.462263235075179
12.49,4.462736599079739
12.5,4.480984932689124
12.51,4.490894024179742
12.52,4.4927016293717035
12.53,4.48940576836521
12.54,4.500045890292833
12.55,4.502255731909278
12.56,4.49914471619873
12.57,4.493216654497614
12.58,4.498545255486018
12.59,4.496487358563849
12.6,4.491484524785492
12.61,4.484457960131857
12.62,4.476002739356633
12.63,4.486281529558249
12.64,4.499533609103984
12.65,4.507592938955646
12.66,4.50762161090761
12.67,4.514247660793246
12.68,4.517801791508912
12.69,4.515823669876255
12.7,4.523665827970004
12.71,4.531405359723823
12.72,4.531256317177623
12.73,4.527973301802016
12.74,4.530499084596862
12.75,4.531734766339896
12.76,4.52946664066507
12.77,4.525028304785662
12.78,4.5191270849531335
12.79,4.512072185198236
12.8,4.510668980405427
12.81,4.507515216558261
12.82,4.502097341477711
12.83,4.493781701865572
12.84,4.508653551399726
12.85,4.5188132656320334
12.86,4.52168199228289
12.87,4.521599112534173
12.88,4.521058030800893
12.89,4.5252500073779895
12.9,4.538746643081358
12.91,4.546634822433558
12.92,4.548292852249435
12.93,4.5477018962295475
12.94,4.54548864152836
12.95,4.548787100718746
12.96,4.549596051032683
12.97,4.547778096124476
12.98,4.5400378710350475
12.99,4.545127367256656
13.0,4.547041164177244
13.01,4.5458965924351125
13.02,4.543790982275764
13.03,4.532563558082733
13.04,4.5343225912029
13.05,4.534522999957752
13.06,4.533604083366004
13.07,4.513926027027584
13.08,4.52647182354722
13.09,4.5334263224729785
13.1,4.537170648850559
13.11,4.5391806825396355
13.12,4.5280955735102095
13.13,4.5263352671173305
13.14,4.540238746316364
13.15,4.548622939845965
13.16,4.553404228819988
13.17,4.549544071162075
13.18,4.556155360830896
13.19,4.560395233489719
13.2,4.5631122186461806
13.21,4.564758426294621
13.22,4.551338812946165
13.23,4.558484165217043
13.24,4.563476832430855
13.25,4.5671330927485725
13.26,4.538608277891334
13.27,4.553600014855398
13.28,4.563770044181626
13.29,4.570470663708065
13.3,4.575551335452218
13.31,4.556044513908875
13.32,4.5662543927694035
13.33,4.551246142717017
13.34,4.563476372966524
13.35,4.5713265691588285
13.36,4.5776200085018885
13.37,4.559651221221272
13.38,4.5673857387274195
13.39,4.573797137750498
13.4,4.57927102894015
13.41,4.58404558195745
13.42,4.554306256858522
13.43,4.562949621111555
13.44,4.570393465740827
13.45,4.577000589330849
13.46,4.554851523148494
13.47,4.56399879726327
13.48,4.572061309284086
13.49,4.579421067746087
13.5,4.515574610123953
13.51,4.529849431721693
13.52,4.540909472663722
13.53,4.550736784568928
13.54,4.559812736572374
13.55,4.532887204229099
13.56,4.511735715321668
13.57,4.522866865693657
13.58,4.5332992305191775
13.59,4.543324409976865
13.6,4.5082780645214
13.61,4.5192115517942
13.62,4.529849978925558
13.63,4.540267906028444
13.64,4.550526533227937
13.65,4.526065353498324
13.66,4.536991167280461
13.67,4.547860708793386
13.68,4.5586540612580135
13.69,4.56943314199221
13.7,4.507279293487856
13.71,4.51809029236244
13.72,4.529442083201207
13.73,4.5413338678424635
13.74,4.517081175153936
13.75,4.528609482433193
13.76,4.502970092086918
13.77,4.513617327784434
13.78,4.525408332864619
13.79,4.538651414472187
13.8,4.552054909331598
13.81,4.516254104784458
13.82,4.526111139684635
13.83,4.5375066091677665
13.84,4.5505656945387765
13.85,4.527836802849481
13.86,4.5380153084889
13.87,4.550512152829178
13.88,4.563400486939557
13.89,4.576290343497189
13.9,4.514933915586694
13.91,4.521627542855247
13.92,4.530172107812617
13.93,4.541708904000398
13.94,4.516193927498868
13.95,4.525535630369773
13.96,4.501686878303639
13.97,4.51110991354168
13.98,4.523936647262613
13.99,4.537612642355256
14.0,4.504047880807823
14.01,4.513004489011142
14.02,4.525521311025439
14.03,4.538823131720568
14.04,4.552351577407739
14.05,4.53386779247313
14.06,4.54468588366045
14.07,4.5563758877593
14.08,4.568196253894913
14.09,4.5797578590230765
14.1,4.532084703507823
14.11,4.534968358636868
14.12,4.540483698162684
14.13,4.549929652378348
14.14,4.528302304777513
14.15,4.534803672254967
14.16,4.509896719849589
14.17,4.515155183409661
14.18,4.524873302736752
14.19,4.535619381569488
14.2,4.5465716220301156
14.21,4.518466367453337
14.22,4.523359198763376
14.23,4.532180864529728
14.24,4.541688593069093
14.25,4.551074700018386
14.26,4.536578044598182
14.27,4.542679094822017
14.28,4.5494864925365075
14.29,4.557817998026793
14.3,4.514689520262246
14.31,4.5111802907966165
14.32,4.510637665541144
14.33,4.5152045154903995
14.34,4.521389706555876
14.35,4.503862525931027
14.36,4.479809446457444
14.37,4.479118419027342
14.38,4.484103826745985
14.39,4.491358760154213
14.4,4.466708101779228
14.41,4.467149429309115
14.42,4.473257613268505
14.43,4.480714047755
14.44,4.489367917778061
14.45,4.478692463511892
14.46,4.482974722628057
14.47,4.490392836226591
14.48,4.5007148909303725
14.49,4.513320679952569
14.5,4.481513440198612
14.51,4.473514459419659
14.52,4.4714423198486815
14.53,4.477165331518465
14.54,4.4610998884463315
14.55,4.46105256235361
14.56,4.443662557276333
14.57,4.4411490016806425
14.58,4.4467642351590655
14.59,4.455987169320119
14.6,4.432881191177164
14.61,4.431166817213288
14.62,4.437333907585425
14.63,4.446927215763031
14.64,4.459008628313509
14.65,4.444506039416625
14.66,4.451138893419318
14.67,4.461008335076633
14.68,4.473192535478111
14.69,4.487160589383777
14.7,4.447881202947461
14.71,4.440952247238349
14.72,4.4396451427605355
14.73,4.446170546671694
14.74,4.420006700594331
14.75,4.416764991038349
14.76,4.401620144343164
14.77,4.402304514293732
14.78,4.409788660774612
14.79,4.420236031354216
14.8,4.432791645131613
14.81,4.410789614969172
14.82,4.4155223748599095
14.83,4.423976997902828
14.84,4.434871131896508
14.85,4.420460839721245
14.86,4.426295708628616
14.87,4.435188834027377
14.88,4.446177564211034
14.89,4.458775631023158
14.9,4.422409456670412
14.91,4.414877115403717
14.92,4.412963858867445
14.93,4.4184185194447085
14.94,4.39438254189456
14.95,4.390246949677065
14.96,4.373755600110345
14.97,4.374084840941733
14.98,4.379834861229454
14.99,4.38829465535007
15.0,4.365677709451656
15.01,4.36533638665967
15.02,4.370444163080181
15.03,4.3782110299664225
15.04,4.387841730862884
15.05,4.377645688235862
15.06,4.381884864235287
15.07,4.388684506441107
15.08,4.397250006518143
15.09,4.391347498164675
15.1,4.395176748833289
15.11,4.40129588713459
15.12,4.40900771457697
15.13,4.417902305133758
15.14,4.3904973245815615
15.15,4.378079645303847
15.16,4.370388135605168
15.17,4.370162748825153
15.18,4.35387716969747
15.19,4.325139302234562
15.2,4.311716910966728
15.21,4.303330341821113
15.22,4.302826572200151
15.23,4.305794155431257
15.24,4.2892457558407955
15.25,4.287438711648029
15.26,4.289468823143455
15.27,4.293768588201452
15.28,4.2860256103524055
15.29,4.286459919447384
15.3,4.2894021636181225
15.31,4.294058949823312
15.32,4.29994929105258
15.33,4.295384745240616
15.34,4.293066263826193
15.35,4.293737659233865
15.36,4.296274556096919
15.37,4.300136299107523
15.38,4.2945704473531086
15.39,4.2777265983456125
15.4,4.265189957559916
15.41,4.258298484995943
15.42,4.249401363384565
15.43,4.237119625797061
15.44,4.222192514142893
15.45,4.212245388853774
15.46,4.209479092048819
15.47,4.202644122184808
15.48,4.196975540248052
15.49,4.195514711927062
15.5,4.196336871974246
15.51,4.1987320245599635
15.52,4.199620430772149
15.53,4.194589179871633
15.54,4.192871708692118
15.55,4.193164247512551
15.56,4.194916253705587
15.57,4.2080721632463485
15.58,4.19414467329399
15.59,4.185698424563005
15.6,4.182348787252866
15.61,4.19226667995833
15.62,4.180608229270112
15.63,4.185772861341056
15.64,4.1733535812008755
15.65,4.1675915325197845
15.66,4.164573331536547
15.67,4.172963783582658
15.68,4.167691133919449
15.69,4.1647427255692255
15.7,4.163386853703745
15.71,4.163201433784805
15.72,4.180587387900064
15.73,4.174425117027927
15.74,4.170444617527537
15.75,4.167925749016895
15.76,4.1810561650449225
15.77,4.174654297283557
15.78,4.170208225684657
15.79,4.167058558106106
15.8,4.200127261712915
15.81,4.183107307621595
15.82,4.169770145133583
15.83,4.161786798300361
15.84,4.156004152748273
15.85,4.1671252799498015
15.86,4.17351110714755
15.87,4.160151165151434
15.88,4.151889648127992
15.89,4.145619235922476
15.9,4.1619961336716305
15.91,4.151370591067109
15.92,4.143846481310118
15.93,4.13792861562745
15.94,4.133152833839872
15.95,4.1469581331952
15.96,4.139276652076782
15.97,4.133105280908983
15.98,4.128063721875423
15.99,4.1238802835211255
16.0,4.161262701393347
16.01,4.1467865119458365
16.02,4.135649762608056
16.03,4.127644993131012
16.04,4.150061621159429
16.05,4.1385567959016285
16.06,4.145826737242336
16.07,4.136535319254328
16.08,4.128582990244572
16.09,4.1215924664601955
16.1,4.143612175749769
16.11,4.134151872379286
16.12,4.125911125299175
16.13,4.1186034251615125
16.14,4.112086287888224
16.15,4.127779328805341
16.16,4.11931251410753
16.17,4.1118421924976785
16.18,4.105224519538809
16.19,4.114471813248022
16.2,4.10576495690149
16.21,4.098815972581576
16.22,4.092906042772218
16.23,4.0879975866567895
16.24,4.124691000533548
16.25,4.1137577028478365
16.26,4.104052938419034
16.27,4.095485829006076
16.28,4.107235142961893
16.29,4.137046760658189
16.3,4.128368368044175
16.31,4.118504537017166
16.32,4.108822821739293
16.33,4.099611023292203
16.34,4.120118856780375
16.35,4.1120049278087265
16.36,4.102971005128549
16.37,4.094308480231003
16.38,4.108478627523286
16.39,4.10037261765652
16.4,4.092273297993993
16.41,4.084789936607203
16.42,4.078444531378143
16.43,4.098333169752321
16.44,4.092906104596205
16.45,4.086285048362318
16.46,4.080448073911942
16.47,4.073352620478788
16.48,4.111800777695408
16.49,4.108766177997712
16.5,4.104074893369488
16.51,4.097205676426704
16.52,4.130330423949263
16.53,4.1692372384346115
16.54,4.165293442423367
16.55,4.15907757934468
16.56,4.149085368518093
16.57,4.176639452912653
16.58,4.167299491049923
16.59,4.155825617710805
16.6,4.144842028727777
16.61,4.13343579074045
16.62,4.168936270490383
16.63,4.160393883945852
16.64,4.150781948305938
16.65,4.140090664958531
16.66,4.165117855672417
16.67,4.157490438631493
16.68,4.14797719656057
16.69,4.137749107123589
16.7,4.207280381642422
16.71,4.206810043592521
16.72,4.2033978247771415
16.73,4.195123992716254
16.74,4.185062951511025
16.75,4.217007110088417
16.76,4.269251722360052
16.77,4.268626445862557
16.78,4.264472192115977
16.79,4.254528123143284
16.8,4.2833305018874785
16.81,4.277129818608883
16.82,4.265524665112385
16.83,4.252191226193956
16.84,4.237973246101933
16.85,4.263668231160409
16.86,4.254030732210653
16.87,4.242139797118354
16.88,4.230104628513287
16.89,4.217222866797665
16.9,4.270734689737045
16.91,4.273751843066695
16.92,4.273045856114077
16.93,4.266136430679567
16.94,4.295261488194995
16.95,4.293885092946193
16.96,4.321123631564975
16.97,4.319459181023009
16.98,4.311108945405632
16.99,4.300303135251211
17.0,4.332840305791057
17.01,4.330530640609239
17.02,4.321802819694141
17.03,4.310904242864895
17.04,4.2982819585068786
17.05,4.315586968549147
17.06,4.308266875781958
17.07,4.298635156832916
17.08,4.28834650029597
17.09,4.2991072360480995
17.1,4.292542647952389
17.11,4.284590043195668
17.12,4.275416903487827
17.13,4.265678344476365
17.14,4.304681407050345
17.15,4.313767387422881
17.16,4.3187724534344545
17.17,4.317111124934616
17.18,4.336998272126758
17.19,4.3734098925601455
17.2,4.382907217421041
17.21,4.387864344114908
17.22,4.385394995942469
17.23,4.3789568926932345
17.24,4.400644767218853
17.25,4.399852837229357
17.26,4.393948015982716
17.27,4.385891101531145
17.28,4.399466154882377
17.29,4.395152039912461
17.3,4.388499893505455
17.31,4.380091811297505
17.32,4.3703980639447675
17.33,4.384196199701553
17.34,4.383827153654462
17.35,4.379824480876541
17.36,4.373759128924307
17.37,4.396347346739995
17.38,4.407441644900429
17.39,4.41358213398139
17.4,4.412403784766032
17.41,4.408328850738331
17.42,4.42292930788526
17.43,4.443811428708478
17.44,4.45486227241038
17.45,4.460334851217975
17.46,4.4585608327200665
17.47,4.4697102180416195
17.48,4.470576728647831
17.49,4.467584045185611
17.5,4.462025836003006
17.51,4.454345493907919
17.52,4.464406601246394
17.53,4.464999084654765
17.54,4.461817594528015
17.55,4.456192583840443
17.56,4.463672793186997
17.57,4.463645527238347
17.58,4.460263710377843
17.59,4.454623435815005
17.6,4.471785994146948
17.61,4.486071091514578
17.62,4.495448188413939
17.63,4.497106875807478
17.64,4.494622869886228
17.65,4.50492004131887
17.66,4.519451278352757
17.67,4.52967353109143
17.68,4.53237849035742
17.69,4.530388268679139
17.7,4.5404253225350795
17.71,4.548479478205725
17.72,4.548706673833516
17.73,4.545679619233624
17.74,4.540496550654105
17.75,4.542648497806603
17.76,4.5427671904165265
17.77,4.5399849821818785
17.78,4.53524289108438
17.79,4.52906467342365
17.8,4.5200744268194155
17.81,4.5320162997415325
17.82,4.538403040233485
17.83,4.538489855015382
17.84,4.535953334925278
17.85,4.540578744400465
17.86,4.538713476489803
17.87,4.549669948591366
17.88,4.553245792918859
17.89,4.55315405243872
17.9,4.548777022410616
17.91,4.55093772500937
17.92,4.550288903940687
17.93,4.54777403524155
17.94,4.54391857553379
17.95,4.531075318123642
17.96,4.532197904433488
17.97,4.531381551855254
17.98,4.5291676418472715
17.99,4.517308963846267
18.0,4.519257431012101
18.01,4.519423190489759
18.02,4.518338002331257
18.03,4.51639453394897
18.04,4.490558234975912
18.05,4.506256510659342
18.06,4.517959581894736
18.07,4.523568512885744
18.08,4.520911935333986
18.09,4.529789926265014
18.1,4.524704414411715
18.11,4.538177014560357
18.12,4.545614069558884
18.13,4.549808243475589
18.14,4.546760417449264
18.15,4.554374022194134
18.16,4.558876918868076
18.17,4.561647026413683
18.18,4.547816730576429
18.19,4.552341339860555
18.2,4.555379942260638
18.21,4.557369987538568
18.22,4.536121959944121
18.23,4.542315811873279
18.24,4.546902725518517
18.25,4.550398276185161
18.26,4.553151209172737
18.27,4.513053796381616
18.28,4.525207594520784
18.29,4.532909112645285
18.3,4.5390428418438455
18.31,4.51464022407062
18.32,4.524514703105348
18.33,4.50783834343752
18.34,4.519178158882193
18.35,4.527281405735621
18.36,4.5341085458980865
18.37,4.51936472321092
18.38,4.527826174547141
18.39,4.535120286470134
18.4,4.541630766122335
18.41,4.54761459253719
18.42,4.52698015323364
18.43,4.536623473747398
18.44,4.545032184769992
18.45,4.552663240126445
18.46,4.538764690923085
18.47,4.548932743408148
18.48,4.557865968486348
18.49,4.566017425976748
18.5,4.573648723657149
18.51,4.527253839794731
18.52,4.542741956192836
18.53,4.5560740589548585
18.54,4.566597248703937
18.55,4.547021373396767
18.56,4.559561615805118
18.57,4.536371443846578
18.58,4.546843838493708
18.59,4.556847718152051
18.6,4.566553487590325
18.61,4.5282003272536375
18.62,4.538394765663638
18.63,4.548582359345861
18.64,4.558754298852909
18.65,4.568926630873305
18.66,4.539980011571454
18.67,4.550650890813757
18.68,4.561518685595008
18.69,4.5725837758570105
18.7,4.497688942326581
18.71,4.5077188141679345
18.72,4.518649991458719
18.73,4.5305084708971
18.74,4.498130698225015
18.75,4.5096269476478765
18.76,4.522783492554552
18.77,4.496505267034219
18.78,4.50823934477107
18.79,4.52197404951689
18.8,4.536206948023278
18.81,4.501577915528014
18.82,4.5125465451542075
18.83,4.5259023332783945
18.84,4.540066596384034
18.85,4.518650648265145
18.86,4.530394800179082
18.87,4.544178842621398
18.88,4.55826762473162
18.89,4.572340706711593
18.9,4.555531102214092
18.91,4.567649096757985
18.92,4.580336138221151
18.93,4.593075046539381
18.94,4.531009586247544
18.95,4.537118459723308
18.96,4.545229603635095
18.97,4.556628357079456
18.98,4.529932615038339
18.99,4.538463366594025
19.0,4.491826314594597
19.01,4.498366303085196
19.02,4.507647068017269
19.03,4.520820814443378
19.04,4.489445354876322
19.05,4.498749148593279
19.06,4.512063713998412
19.07,4.526368152014162
19.08,4.541045170054257
19.09,4.523212235627742
19.1,4.535025888421295
19.11,4.547761978806037
19.12,4.560717795547829
19.13,4.57350418230892
19.14,4.519334342957118
19.15,4.52104313600994
19.16,4.52550004869157
19.17,4.534616187128536
19.18,4.514084483303324
19.19,4.520527071050108
19.2,4.483388949674732
19.21,4.487173946250008
19.22,4.496087468801038
19.23,4.507425970896121
19.24,4.474777631666869
19.25,4.4800762976661535
19.26,4.49058087700427
19.27,4.502463315913389
19.28,4.51489043798419
19.29,4.512191926509196
19.3,4.522494469471162
19.31,4.5329632988829465
19.32,4.542941790909885
19.33,4.554785978512826
19.34,4.520632007838828
19.35,4.517798540165769
19.36,4.5183311286195345
19.37,4.523258951653528
19.38,4.508972843893732
19.39,4.510627908248484
19.4,4.481782092862926
19.41,4.47926393514544
19.42,4.481950468343032
19.43,4.487761289856469
19.44,4.469477427381537
19.45,4.472258898613362
19.46,4.478015726208327
19.47,4.485981449475925
19.48,4.4751577644582445
19.49,4.479422832885849
19.5,4.487375558508762
19.51,4.49828092846441
19.52,4.51150760732788
19.53,4.4917798767241806
19.54,4.496432136102343
19.55,4.504997481963149
19.56,4.516298655914563
19.57,4.5297550241692095
19.58,4.492435071085592
19.59,4.487374452982817
19.6,4.4891819318454385
19.61,4.49707090965984
19.62,4.469922429404861
19.63,4.4446384473036575
19.64,4.435262663094364
19.65,4.4321626970135295
19.66,4.437426925986085
19.67,4.446458466467117
19.68,4.4297420945149595
19.69,4.435124101530941
19.7,4.444066521439823
19.71,4.4555481762769995
19.72,4.431730768133257
19.73,4.434600493139711
19.74,4.44194955210126
19.75,4.4521185283541485
19.76,4.436344868513079
19.77,4.441370048816301
19.78,4.449872079490826
19.79,4.460767323824922
19.8,4.473529042009843
19.81,4.430422744476372
19.82,4.421032662541005
19.83,4.417006822374329
19.84,4.4210838611801275
19.85,4.398659396176234
19.86,4.39575023510356
19.87,4.3739193129243645
19.88,4.369770317060003
19.89,4.373932417612438
19.9,4.381676421489518
19.91,4.355790929545544
19.92,4.3525980632125405
19.93,4.3572540296415765
19.94,4.365123393588224
19.95,4.34964604715498
19.96,4.352358004240964
19.97,4.3588372195786995
19.98,4.367770410876378
19.99,4.378544185627488
20.0,4.3744374995118775
20.01,4.380221165963804
20.02,4.3883208459772005
20.03,4.398142414372432
20.04,4.370408046984243
20.05,4.358563377051576
20.06,4.351700646549489
20.07,4.352679789594685
20.08,4.357614084477385
20.09,4.346082007017005
20.1,4.320037545603273
20.11,4.309463547052488
20.12,4.304557874154502
20.13,4.307314263831302
20.14,4.29293310635037
20.15,4.290265872083299
20.16,4.293662450949551
20.17,4.299716636027232
20.18,4.288377632858799
20.19,4.289900636329099
20.2,4.294481826496342
20.21,4.301103247447819
20.22,4.309220373473277
20.23,4.3000660427945965
20.24,4.298947443311384
20.25,4.3014794766768025
20.26,4.306187448042048
20.27,4.312479653268705
20.28,4.300248675276376
20.29,4.285183576873194
20.3,4.27475787936484
20.31,4.271509163052604
20.32,4.261340078189935
20.33,4.245277748360169
20.34,4.230699954955726
20.35,4.221223126391812
20.36,4.219660212003464
20.37,4.22152153642421
20.38,4.215286454002364
20.39,4.213156762191381
20.4,4.214455891796467
20.41,4.217903141107438
20.42,4.220877286744407
20.43,4.220618214832854
20.44,4.222680449763063
20.45,4.226360374482045
20.46,4.231248670187298
20.47,4.247374002588451
20.48,4.233715624536347
20.49,4.225273914016521
20.5,4.223158920060924
20.51,4.223421820193888
20.52,4.228941221723264
20.53,4.229610223075128
20.54,4.219432657110084
20.55,4.215951108624053
20.56,4.215027258047374
20.57,4.215798024716148
20.58,4.222527031414356
20.59,4.219855595003104
20.6,4.219084803769924
20.61,4.219632430458141
20.62,4.227791063021285
20.63,4.222181328896331
20.64,4.219132335848807
20.65,4.217675775836984
20.66,4.224233322269951
20.67,4.218744231254142
20.68,4.21541639293401
20.69,4.213515103308179
20.7,4.2126038255303895
20.71,4.228165915969628
20.72,4.212521795735166
20.73,4.200827740826274
20.74,4.194586501475892
20.75,4.190414635976117
20.76,4.193488785528372
20.77,4.192673741701313
20.78,4.180043437738562
20.79,4.1729114019682845
20.8,4.168017139449807
20.81,4.174515193578918
20.82,4.1636555782139295
20.83,4.157434950183266
20.84,4.153010854483666
20.85,4.149839937473369
20.86,4.156887245658686
20.87,4.150430360104941
20.88,4.145709685894512
20.89,4.1421977480448975
20.9,4.1676778081464185
20.91,4.152442782013517
20.92,4.140576152062635
20.93,4.133239416200712
20.94,4.148822160783679
20.95,4.136576806007129
20.96,4.146232636705525
20.97,4.1337578337284
20.98,4.125644541149725
20.99,4.119293424590467
21.0,4.114191587064664
21.01,4.1244182983342155
21.02,4.11708260516593
21.03,4.111200425400299
21.04,4.106445453427489
21.05,4.102638507536685
21.06,4.113376210422711
21.07,4.1064836935542255
21.08,4.101054266277303
21.09,4.096772495092203
21.1,4.132608573732615
21.11,4.119178269484611
21.12,4.108101374922115
21.13,4.100063975495657
21.14,4.115462915451092
21.15,4.106331156313864
21.16,4.098787376253274
21.17,4.11163409962138
21.18,4.1032992332327005
21.19,4.095987648874647
21.2,4.089511920223987
21.21,4.110124169211476
21.22,4.101721297753933
21.23,4.094096483590988
21.24,4.087223318806382
21.25,4.081015205873863
21.26,4.09444891758236
21.27,4.087268677195699
21.28,4.080709696018635
21.29,4.075360880270148
21.3,4.1196483045315375
21.31,4.1127408655976705
21.32,4.105190422603253
21.33,4.0966579030558
21.34,4.088589690040691
21.35,4.108353276479062
21.36,4.10120123937363
21.37,4.118735159896931
21.38,4.109134865354557
21.39,4.099604414760011
21.4,4.090584436337176
21.41,4.1171786094444816
21.42,4.10801594119492
21.43,4.0985812830643935
21.44,4.089506492504987
21.45,4.1094396715204935
21.46,4.100751690201536
21.47,4.091926139223781
21.48,4.083638919167928
21.49,4.076446311298849
21.5,4.086932238532415
21.51,4.080182326939395
21.52,4.07395085500543
21.53,4.065695597776479
21.54,4.122527160653022
21.55,4.120330955099215
21.56,4.116250909484535
21.57,4.108865243685291
21.58,4.134525160606376
21.59,4.128394994785488
21.6,4.178015406571064
21.61,4.1733300462704115
21.62,4.165434626678925
21.63,4.154219622954701
21.64,4.190811907501631
21.65,4.183579507967379
21.66,4.172205032015823
21.67,4.159839064236523
21.68,4.147121853497165
21.69,4.1709039547258255
21.7,4.16074980011297
21.71,4.1495356793684
21.72,4.138013408154283
21.73,4.126599786444717
21.74,4.1994791069479245
21.75,4.200425099495513
21.76,4.198380220692489
21.77,4.192518886431243
21.78,4.223196968385075
21.79,4.218820549160163
21.8,4.27284164020573
21.81,4.271686220598259
21.82,4.266512074166491
21.83,4.25544837848828
21.84,4.304089991676148
21.85,4.301386871300824
21.86,4.292477397449704
21.87,4.280087808955919
21.88,4.295698359739266
21.89,4.284493218851136
21.9,4.271327328579177
21.91,4.257038761219517
21.92,4.242093017370399
21.93,4.272412637042682
21.94,4.266031268251183
21.95,4.256052312717251
21.96,4.244545617992297
21.97,4.232134135397732
21.98,4.27819771465382
21.99,4.2819133636560585
22.0,4.2814994706796226
22.01,4.274548149978174
22.02,4.310236009584935
22.03,4.34928821363047
22.04,4.355600049659747
22.05,4.357497537540992
22.06,4.3525056805903075
22.07,4.3431118251786875
22.08,4.366853549052769
22.09,4.360986155739064
22.1,4.351473704929771
22.11,4.339992808160221
22.12,4.370303396151181
22.13,4.369337725631959
22.14,4.361584789353344
22.15,4.351439982357419
22.16,4.3397355297098
22.17,4.375982161635441
22.18,4.382223024625763
22.19,4.383179792313309
22.2,4.37696909092965
22.21,4.368170165692969
22.22,4.389708973720568
22.23,4.415660582132058
22.24,4.4237577732770985
22.25,4.426411633668051
22.26,4.421243252461261
22.27,4.4131350551406765
22.28,4.424268719018444
22.29,4.419928887189769
22.3,4.412632859472215
22.31,4.403402663128859
22.32,4.4182839063211565
22.33,4.418032905673493
22.34,4.413363836044982
22.35,4.406416086460152
22.36,4.39805283289836
22.37,4.416915237768534
22.38,4.427113196984405
22.39,4.431490615949223
22.4,4.428987423379142
22.41,4.4231071933732435
22.42,4.437018073611655
22.43,4.456168124766675
22.44,4.468440328144873
22.45,4.474733951748597
22.46,4.4725911527200894
22.47,4.466918967331747
22.48,4.475505908822326
22.49,4.473521395214078
22.5,4.468095893508664
22.51,4.4602570005462585
22.52,4.472242523382919
22.53,4.47342157844265
22.54,4.469923733216014
22.55,4.463674780255398
22.56,4.455380315551694
22.57,4.468650664117218
22.58,4.478646648462947
22.59,4.481573731371208
22.6,4.478635310746209
22.61,4.4886213617190505
22.62,4.495423518631657
22.63,4.50757585250668
22.64,4.515798956320634
22.65,4.515628980908784
22.66,4.511657059885947
22.67,4.505214560642466
22.68,4.504686740327669
22.69,4.502023921232489
22.7,4.496774716648388
22.71,4.4896717637296994
22.72,4.4922407249130405
22.73,4.49298528781342
22.74,4.490237347024742
22.75,4.485280992657198
22.76,4.478679293803288
22.77,4.480139599805584
22.78,4.49097144790949
22.79,4.495059597666466
22.8,4.494125317401137
22.81,4.499603132448378
22.82,4.508412993148046
22.83,4.518522675077393
22.84,4.528799338027698
22.85,4.531373991431979
22.86,4.530270519670818
22.87,4.5269292182928575
22.88,4.52771480521859
22.89,4.527984005909432
22.9,4.525851527852353
22.91,4.522029178318804
22.92,4.52337075439686
22.93,4.527385213663559
22.94,4.527876895043221
22.95,4.5262921231946995
22.96,4.523270046860015
22.97,4.514591485635572
22.98,4.527299915904608
22.99,4.53392704120349
23.0,4.535921463629171
23.01,4.535749312471911
23.02,4.5309181659725555
23.03,4.533129104601042
23.04,4.546665332040694
23.05,4.554412456001116
23.06,4.5572046506667965
23.07,4.557849536954506
23.08,4.553457668362836
23.09,4.557003797367763
23.1,4.558394424825314
23.11,4.558338303024442
23.12,4.5494509938679855
23.13,4.555920725177675
23.14,4.5594233846301755
23.15,4.561178574948852
23.16,4.552321513869789
23.17,4.558426328147889
23.18,4.562113462593613
23.19,4.564264316682967
23.2,4.565360460044777
23.21,4.537268301018156
23.22,4.553407658983396
23.23,4.565686649253664
23.24,4.572436579653352
23.25,4.563173738458041
23.26,4.574332466646735
23.27,4.566406940164285
23.28,4.5777549646345745
23.29,4.584253828883278
23.3,4.588967965859109
23.31,4.569031755250533
23.32,4.578827781687149
23.33,4.585540795438923
23.34,4.590686708475491
23.35,4.574478772290958
23.36,4.582569058522374
23.37,4.5888203905333365
23.38,4.593851933286053
23.39,4.598030227995483
23.4,4.540794005562927
23.41,4.554544541439483
23.42,4.563858765105834
23.43,4.571529358279533
23.44,4.545749342097316
23.45,4.554941306179255
23.46,4.562821705930849
23.47,4.53798872205613
23.48,4.547054016194802
23.49,4.555112129921128
23.5,4.562520694861235
23.51,4.527203266396353
23.52,4.537178124044068
23.53,4.546213670995851
23.54,4.554634629655454
23.55,4.5290328205793795
23.56,4.539169883629654
23.57,4.5485982874010356
23.58,4.557521434991983
23.59,4.566085473577245
23.6,4.546368126156306
23.61,4.556405682636821
23.62,4.565968444879997
23.63,4.575236673770995
23.64,4.509936224712299
23.65,4.522727935489427
23.66,4.5344911551898415
23.67,4.545821961492219
23.68,4.522874892340435
23.69,4.534534472759132
23.7,4.492744403296774
23.71,4.5042938690389365
23.72,4.516133272164398
23.73,4.528224378080915
23.74,4.49964199675167
23.75,4.511316659262981
23.76,4.523580334484706
23.77,4.536667072334394
23.78,4.518040586321831
23.79,4.529977621566248
23.8,4.543060672138809
23.81,4.556163668609804
23.82,4.569104310762587
23.83,4.541502046779695
23.84,4.552268724963176
23.85,4.5646056757133024
23.86,4.577052731454178
23.87,4.589330696322989
23.88,4.541041955549633
23.89,4.549838430443924
23.9,4.560110894508043
23.91,4.572243130681953
23.92,4.5379482338931645
23.93,4.503582192838152
23.94,4.5121170820979435
23.95,4.522662289410309
23.96,4.53588246158168
23.97,4.549600187441234
23.98,4.5251672932627365
23.99,4.537335176627835
24.0,4.550438614153912
24.01,4.563735945620387
24.02,4.528900526198513
24.03,4.537751104819965
24.04,4.5496928945497075
24.05,4.562221691103477
24.06,4.5397674970915896
24.07,4.549172897997047
24.08,4.560536531330048
24.09,4.572180709554521
24.1,4.583697839045076
24.11,4.523501757165702
24.12,4.526954108084131
24.13,4.5327698963626055
24.14,4.5425378260127705
24.15,4.5158384965233385
24.16,4.522432427789637
24.17,4.495561000973786
24.18,4.5020429317564465
24.19,4.512891097611058
24.2,4.524866641601381
24.21,4.489668895513959
24.22,4.495652535996155
24.23,4.506161585083568
24.24,4.5178268597548135
24.25,4.486786950337913
24.26,4.492004633538307
24.27,4.50186472312757
24.28,4.512849150488932
24.29,4.5241897073742
24.3,4.52054451127916
24.31,4.529491020156256
24.32,4.538544451526154
24.33,4.547206307415009
24.34,4.504948961382488
24.35,4.501801642103993
24.36,4.501537220222358
24.37,4.506274015572338
24.38,4.489481336290487
24.39,4.491061417517845
24.4,4.46004979763768
24.41,4.458733876861927
24.42,4.4623802192766675
24.43,4.469452949544421
24.44,4.450460915971203
24.45,4.453905770298233
24.46,4.460562897886745
24.47,4.467992470400545
24.48,4.457979709962344
24.49,4.4624446884908915
24.5,4.468939506838726
24.51,4.478505671909519
24.52,4.4904182773973345
24.53,4.474004460680545
24.54,4.477692498428545
24.55,4.485381500037381
24.56,4.4957829178987945
24.57,4.463482645875102
24.58,4.456246831041211
24.59,4.4547005252919805
24.6,4.460770316440415
24.61,4.470248944704924
24.62,4.445082837229001
24.63,4.443911243431194
24.64,4.417024814494778
24.65,4.410497115213896
24.66,4.410384941443409
24.67,4.4173923815819505
24.68,4.408744157786782
24.69,4.415719231400168
24.7,4.42579241509361
24.71,4.438165042610017
24.72,4.416665990347918
24.73,4.420907609947724
24.74,4.42924026973761
24.75,4.440145471108364
24.76,4.452971763247032
24.77,4.441646621557154
24.78,4.449057805321476
24.79,4.459158609030502
24.8,4.471166184292847
24.81,4.484638904373257
24.82,4.443924299019437
24.83,4.437118432541713
24.84,4.435397915526463
24.85,4.441142783021254
24.86,4.418361158338572
24.87,4.392358792170324
24.88,4.386335970924049
24.89,4.38659418097775
24.9,4.393321538074482
24.91,4.402723505142424
24.92,4.3727309493735085
24.93,4.372273337960705
24.94,4.3783072660696
24.95,4.3870145734952075
24.96,4.367886758330643
24.97,4.371425260699556
24.98,4.3783173985127375
24.99,4.387378060004421
25.0,4.3980651988870765
25.01,4.359405562704047
25.02,4.348237043545774
25.03,4.342043268509187
25.04,4.343692197371081
25.05,4.325006399723748
25.06,4.319974451014253
25.07,4.300825077539666
25.08,4.29498286315657
25.09,4.297264493663095
25.1,4.302965436433575
25.11,4.310934398344615
25.12,4.293723220830729
25.13,4.292593833654186
25.14,4.296276310598033
25.15,4.30249379073645
25.16,4.294631699859503
25.17,4.295515864712639
25.18,4.299699440688208
25.19,4.306003295241205
25.2,4.296693535223544
25.21,4.2836637783901805
25.22,4.275692028932641
25.23,4.275623599944444
25.24,4.279016943445732
25.25,4.272841494791758
25.26,4.266994614956485
25.27,4.258804090268857
25.28,4.251342935549453
25.29,4.251639036123188
25.3,4.254957785621253
25.31,4.255375067312086
25.32,4.255969486580505
25.33,4.259242327859288
25.34,4.264341965271376
25.35,4.2707646660109315
25.36,4.278960953470907
25.37,4.28020806316291
25.38,4.283351057314241
25.39,4.287869088087431
25.4,4.29610073732507
25.41,4.296426378231175
25.42,4.298456823353442
25.43,4.301690486666748
25.44,4.305771805149135
25.45,4.3154910913511
25.46,4.301549034676314
25.47,4.292244356879911
25.48,4.289097879154234
25.49,4.288213996113369
25.5,4.283631435918893
25.51,4.267677882458577
25.52,4.256102423884304
25.53,4.251237645286197
25.54,4.249157254100384
25.55,4.243592068672456
25.56,4.238218978018393
25.57,4.235647671536212
25.58,4.234802260653878
25.59,4.234497514457767
25.6,4.230527853592674
25.61,4.228483874287578
25.62,4.227766583692155
25.63,4.228003977569011
25.64,4.230157788452985
25.65,4.223972069181011
25.66,4.220103089817383
25.67,4.217746385837944
25.68,4.225894678381373
25.69,4.210482714254563
25.7,4.199086525823009
25.71,4.193081310814956
25.72,4.189101627423176
25.73,4.192979658448177
25.74,4.191407633158736
25.75,4.176076046407081
25.76,4.164902676038192
25.77,4.158857893862025
25.78,4.160590921207581
25.79,4.15240582410346
25.8,4.147022609727699
25.81,4.143313036230295
25.82,4.140850606570405
25.83,4.151496736257386
25.84,4.143001955687825
25.85,4.13727991839769
25.86,4.133165524528373
25.87,4.157704810837749
25.88,4.142499500927187
25.89,4.13087071617668
25.9,4.123840950367743
25.91,4.1186431619899775
25.92,4.135840275978933
25.93,4.124568377394057
25.94,4.143322255138364
25.95,4.12973697154926
25.96,4.120704594552188
25.97,4.113762312066889
25.98,4.121438391514305
25.99,4.113962858115946
26.0,4.107902492281207
26.01,4.102925561909852
26.02,4.1243054815324385
26.03,4.1151410261325125
26.04,4.107795257962715
26.05,4.101678914234543
26.06,4.0965624683466215
26.07,4.110796436369842
26.08,4.1026777930561735
26.09,4.096017815564822
26.1,4.09046808816859
26.11,4.134402622944277
26.12,4.120798497433127
26.13,4.109342614825475
26.14,4.100540220391085
26.15,4.092913034155603
26.16,4.111012451410295
26.17,4.137754915112426
26.18,4.125110473184422
26.19,4.114462541665392
26.2,4.104954821146522
26.21,4.096153623860073
26.22,4.109552156092311
26.23,4.099319795036775
26.24,4.09030924251599
26.25,4.081805397950842
26.26,4.0986140103498965
26.27,4.089068719868321
26.28,4.080150683944867
26.29,4.071947209665951
26.3,4.124495258190851
26.31,4.115679413201674
26.32,4.106014343310502
26.33,4.095671169486671
26.34,4.085661126897208
26.35,4.109251574368274
26.36,4.100213947999754
26.37,4.1233564092306825
26.38,4.114433320827606
26.39,4.103823160363941
26.4,4.093264190098884
26.41,4.083101041282952
26.42,4.116256587546915
26.43,4.108608616783185
26.44,4.098764408373396
26.45,4.0887766221195
26.46,4.114318925034615
26.47,4.1067089735654845
26.48,4.097023528520125
26.49,4.087204779697586
26.5,4.160117656027835
26.51,4.15603456823195
26.52,4.1497898216403435
26.53,4.140088117005763
26.54,4.128832992012662
26.55,4.16176643884462
26.56,4.15374599476506
26.57,4.183825555252265
26.58,4.176660879256666
26.59,4.16534637315422
26.6,4.15282786764229
26.61,4.194259794780036
26.62,4.188164758670133
26.63,4.177419262551549
26.64,4.1651486118709276
26.65,4.152209863818972
26.66,4.180235955557437
26.67,4.171128103630339
26.68,4.159981978800341
26.69,4.148030004699645
26.7,4.16974587486754
26.71,4.160830350064921
26.72,4.150366559435922
26.73,4.139207726658262
26.74,4.214211816127939
26.75,4.215299296079462
26.76,4.213957844606054
26.77,4.209204128765058
26.78,4.199219180823595
26.79,4.226365393028026
26.8,4.282298411800109
26.81,4.281950144425872
26.82,4.27767772363627
26.83,4.2666704131933475
26.84,4.303050055624343
26.85,4.298048960890923
26.86,4.286618329678536
26.87,4.273609363485727
26.88,4.259595999913743
26.89,4.27927942450019
26.9,4.268703870879369
26.91,4.256716287970908
26.92,4.243386576626629
26.93,4.271230077004619
26.94,4.266792271057628
26.95,4.257956950517146
26.96,4.247048573221192
26.97,4.234961037943036
26.98,4.2797524691194235
26.99,4.282760293727406
27.0,4.280977219669025
27.01,4.274360439926537
27.02,4.309528746927724
27.03,4.310746965204536
27.04,4.344804799885579
27.05,4.347098701537007
27.06,4.343752094623983
27.07,4.334487126778515
27.08,4.356877441505142
27.09,4.35107018275924
27.1,4.341508487440084
27.11,4.330691301815007
27.12,4.360614708472191
27.13,4.35931641434531
27.14,4.351378105152064
27.15,4.341684255814034
27.16,4.330473373109385
27.17,4.3686611407837805
27.18,4.374640974536804
27.19,4.375443144048563
27.2,4.3691070798810605
27.21,4.360516964913822
27.22,4.3841222965965585
27.23,4.386359027570596
27.24,4.409810372726104
27.25,4.414523854117737
27.26,4.411353042098141
27.27,4.404339781132673
27.28,4.419030679528569
27.29,4.415745950561533
27.3,4.408939263684382
27.31,4.400204680493523
27.32,4.390099765960991
27.33,4.405354695400002
27.34,4.403991639065382
27.35,4.399033379513059
27.36,4.392040482205755
27.37,4.403181889894589
27.38,4.402386495929311
27.39,4.3983096618354285
27.4,4.392083703664646
27.41,4.4160184570587235
27.42,4.429054732315261
27.43,4.437205870706907
27.44,4.43746229953311
27.45,4.434190184915395
27.46,4.446172282905832
27.47,4.463176580670128
27.48,4.472382086232277
27.49,4.473555373493595
27.5,4.470619461092621
27.51,4.484716533180604
27.52,4.492017429576694
27.53,4.491321130569158
27.54,4.487085623865725
27.55,4.480412449349836
27.56,4.486870601127716
27.57,4.485493048521267
27.58,4.481042020906979
27.59,4.474432016701916
27.6,4.488395650946102
27.61,4.502129487012265
27.62,4.51060335050917
27.63,4.510762422124685
27.64,4.507171195894835
27.65,4.5135192901346
27.66,4.515089891208616
27.67,4.523668219733917
27.68,4.529333359594666
27.69,4.527136231351799
27.7,4.522599163128522
27.71,4.527103394057614
27.72,4.531845070035054
27.73,4.530127995944613
27.74,4.525912733103692
27.75,4.519868060287034
27.76,4.518874036907253
27.77,4.520406561103767
27.78,4.518526418461453
27.79,4.514466807429931
27.8,4.508277954898167
27.81,4.506281879828945
27.82,4.502412426121582
27.83,4.497243754934376
27.84,4.488570516812893
27.85,4.50306024952261
27.86,4.5130044482493785
27.87,4.515781009389541
27.88,4.515357880687595
27.89,4.514366526121579
27.9,4.518868935574584
27.91,4.5319150394564796
27.92,4.53955748724155
27.93,4.540983274239996
27.94,4.540020724965332
27.95,4.53861762589001
27.96,4.541720457392397
27.97,4.542053548117357
27.98,4.540567986518734
27.99,4.537766810241888
28.0,4.531007314577998
28.01,4.532446225239498
28.02,4.532147864911571
28.03,4.5306195855788385
28.04,4.512016703296804
28.05,4.528207883815816
28.06,4.540227872432632
28.07,4.545826060750702
28.08,4.548583514333357
28.09,4.539980518538231
28.1,4.54159997829725
28.11,4.55541664763001
28.12,4.56304125352536
28.13,4.5670695547510975
28.14,4.560016571781409
28.15,4.567033156106354
28.16,4.571064951072907
28.17,4.573307409631401
28.18,4.57427435392366
28.19,4.558861358111631
28.2,4.562844967973295
28.21,4.565414280666374
28.22,4.566957303798824
28.23,4.54665878914448
28.24,4.553514678894779
28.25,4.558441224113173
28.26,4.562093225754753
28.27,4.564872950982131
28.28,4.5287395121923115
28.29,4.542632218404684
28.3,4.55159012770774
28.31,4.558239079499398
28.32,4.535823535376778
28.33,4.547967540558812
28.34,4.532815683909235
28.35,4.545400164313455
28.36,4.553680301001875
28.37,4.560423984096693
28.38,4.545776129057946
28.39,4.554156554834744
28.4,4.56117899820414
28.41,4.567281374550068
28.42,4.543315846144359
28.43,4.553080044330396
28.44,4.561277011848017
28.45,4.568477936584094
28.46,4.574992189488764
28.47,4.530605157221719
28.48,4.544377271960794
28.49,4.554609387372782
28.5,4.563544018438894
28.51,4.57168349833859
28.52,4.542050690369959
28.53,4.552799288938687
28.54,4.528840786888766
28.55,4.540124458373545
28.56,4.550259952051486
28.57,4.559669262661099
28.58,4.537554458693151
28.59,4.547855518654406
28.6,4.557630570237898
28.61,4.567006282590238
28.62,4.5761045078502836
28.63,4.5427211864936305
28.64,4.553688895706252
28.65,4.564235663279095
28.66,4.574507926059705
28.67,4.517649820792662
28.68,4.529558950812031
28.69,4.5413494808235395
28.7,4.553025991728377
28.71,4.564598580570147
28.72,4.524203880165229
28.73,4.535732814954651
28.74,4.505062287913284
28.75,4.516471047147537
28.76,4.528661850621717
28.77,4.541909069321496
28.78,4.519470797277673
28.79,4.531130484321972
28.8,4.544235476809896
28.81,4.557518501222817
28.82,4.5212463390137305
28.83,4.531927025013032
28.84,4.54448478921693
28.85,4.557702400524518
28.86,4.570965240890922
28.87,4.5474376618413785
28.88,4.558246567625187
28.89,4.57078785111992
28.9,4.583492855992057
28.91,4.519020815356744
28.92,4.526215777174525
28.93,4.53516385421439
28.94,4.546866265605166
28.95,4.55970583701905
28.96,4.532198013790897
28.97,4.502741028874341
28.98,4.510893759187028
28.99,4.521726979359262
29.0,4.535094300830276
29.01,4.495837902707806
29.02,4.504179998073605
29.03,4.516281313665574
29.04,4.529757793211526
29.05,4.543690297232069
29.06,4.519379174361526
29.07,4.5300810402262845
29.08,4.542404066034101
29.09,4.5552527464989785
29.1,4.492641318041176
29.11,4.495717393713127
29.12,4.501392100619359
29.13,4.511230722613923
29.14,4.523203921374681
29.15,4.497763177947571
29.16,4.505613335074639
29.17,4.482655362830578
29.18,4.489436269448621
29.19,4.500690709532788
29.2,4.513038974240214
29.21,4.525791444476742
29.22,4.500332308011399
29.23,4.506719624385115
29.24,4.516632043639485
29.25,4.527312778504348
29.26,4.503640773891164
29.27,4.507301701165931
29.28,4.515416178383244
29.29,4.524386585343324
29.3,4.533242524122445
29.31,4.497440029851066
29.32,4.496107096061794
29.33,4.498243532617179
29.34,4.504870515717162
29.35,4.4869286775466675
29.36,4.489068152447008
29.37,4.4698645730665625
29.38,4.470618599816904
29.39,4.476657572838123
29.4,4.483674200477802
29.41,4.4622659489806935
29.42,4.462226079806263
29.43,4.467418747445031
29.44,4.47422872726441
29.45,4.484165891265079
29.46,4.471831525030219
29.47,4.476275783366366
29.48,4.484560714516333
29.49,4.495578137066872
29.5,4.508817214576167
29.51,4.472000712693661
29.52,4.4638347983193984
29.53,4.461659726883042
29.54,4.467428641828749
29.55,4.476816662382171
29.56,4.459145133921453
29.57,4.438597821917026
29.58,4.434463518887491
29.59,4.438656902560343
29.6,4.447203903965872
29.61,4.422527283504312
29.62,4.420678230509251
29.63,4.426854714294249
29.64,4.436536767357978
29.65,4.448739628885104
29.66,4.432814726548467
29.67,4.439820790367524
29.68,4.449985846592252
29.69,4.462422683583588
29.7,4.476703896332181
29.71,4.436914133410581
29.72,4.430688667275369
29.73,4.4301668470414635
29.74,4.437235114387426
29.75,4.418215465258975
29.76,4.419206582660385
29.77,4.400527711551358
29.78,4.4009298322289645
29.79,4.408403244732838
29.8,4.418870894428856
29.81,4.396053597749807
29.82,4.399043319889865
29.83,4.4068047059883595
29.84,4.417272909167866
29.85,4.429724236869151
29.86,4.418997119470353
29.87,4.426256913523449
29.88,4.436088985584574
29.89,4.447763269431045
29.9,4.430088245380332
29.91,4.434107569014235
29.92,4.441626826259732
29.93,4.451336676567836
29.94,4.462660561647235
29.95,4.427128713853979
29.96,4.4208755565887285
29.97,4.420979835477705
29.98,4.426733887584171
29.99,4.407612381295934
30.0,4.372745262526598
30.01,4.363380904144611
