time,dx_obs,dy_obs,dz_obs
0.01,0.0,0.0,-0.47757714965956277
0.02,0.0,0.0,-0.42885925998091984
0.03,0.0,0.0,-0.3886743072312453
0.04,0.0,0.0,-0.3599434304915117
0.05,0.0,0.0,-0.3446937189143533
0.06,0.0,0.0,-0.3528953674779462
0.07,0.0,0.0,-0.37350506664374994
0.08,0.0,0.0,-0.4020026454943689
0.09,0.0,0.0,-0.43825632097325334
0.1,0.0,0.0,-0.481467437201358
0.11,0.0,0.0,-0.5308405014099739
0.12,0.0,0.0,-0.5815953022841135
0.13,0.0,0.0,-0.6382362976452715
0.14,0.0,0.0,-0.7003473078927164
0.15,0.0,0.0,-0.7674248304395644
0.16,0.0,0.0,-0.8285765552405224
0.17,0.0,0.0,-0.8952109313026182
0.18,0.0,0.0,-0.9669421654487527
0.19,0.0,0.0,-1.0431552720197592
0.2,0.0,0.0,-1.1234768840237723
0.21,0.0,0.0,-1.1969864787692293
0.22,0.0,0.0,-1.2749082622202874
0.23,0.0,0.0,-1.3568262753032192
0.24,0.0,0.0,-1.4423005071825963
0.25,0.0,0.0,-1.5046532853350276
0.26,0.0,0.0,-1.572677005191406
0.27,0.0,0.0,-1.6455566997540536
0.28,0.0,0.0,-1.7226451023165594
0.29,0.0,0.0,-1.8033691641131482
0.3,0.0,0.0,-1.8758162710949273
0.31,0.0,0.0,-1.9425955514588564
0.32,0.0,0.0,-2.0137560465065545
0.33,0.0,0.0,-2.088571622336675
0.34,0.0,0.0,-2.1664738835186723
0.35,0.0,0.0,-2.2360044919806747
0.36,0.0,0.0,-2.3086933942007994
0.37,0.0,0.0,-2.3840121639288454
0.38,0.0,0.0,-2.4614073011219957
0.39,0.0,0.0,-2.5404444238707806
0.4,0.0,0.0,-2.6140853328130365
0.41,0.0,0.0,-2.6891147268281728
0.42,0.0,0.0,-2.7653026978524395
0.43,0.0,0.0,-2.842100277076869
0.44,0.0,0.0,-2.9150772991701857
0.45,0.0,0.0,-2.9884155393654215
0.46,0.0,0.0,-3.061761042397723
0.47,0.0,0.0,-3.1348752890019287
0.48,0.0,0.0,-3.2033901132129916
0.49,0.0,0.0,-3.2714444382111836
0.5,0.0,0.0,-3.338717659454247
0.51,0.0,0.0,-3.4049619845355523
0.52,0.0,0.0,-3.469906890409261
0.53,0.0,0.0,-3.5340829649335457
0.54,0.0,0.0,-3.596406381974074
0.55,0.0,0.0,-3.6604927644100624
0.56,0.0,0.0,-3.722048927268704
0.57,0.0,0.0,-3.780961677876831
0.58,0.0,0.0,-3.8370755068997675
0.59,0.0,0.0,-3.8958369907393906
0.6,0.0,0.0,-3.951186380409963
0.61,0.0,0.0,-4.003054364108795
0.62,0.0,0.0,-4.051385502196801
0.63,0.0,0.0,-4.103307967598743
0.64,0.0,0.0,-4.151296017806261
0.65,0.0,0.0,-4.195423195527712
0.66,0.0,0.0,-4.235941562411114
0.67,0.0,0.0,-4.27296503308515
0.68,0.0,0.0,-4.320262413427481
0.69,0.0,0.0,-4.363501176274205
0.7,0.0,0.0,-4.402925951077751
0.71,0.0,0.0,-4.438779885648629
0.72,0.0,0.0,-4.494827416457195
0.73,0.0,0.0,-4.5462867068772095
0.74,0.0,0.0,-4.593444283286141
0.75,0.0,0.0,-4.636931093030109
0.76,0.0,0.0,-4.692678903649384
0.77,0.0,0.0,-4.744858448262438
0.78,0.0,0.0,-4.8047055909219205
0.79,0.0,0.0,-4.861298223714417
0.8,0.0,0.0,-4.915240136812012
0.81,0.0,0.0,-4.967187173078362
0.82,0.0,0.0,-5.0177978582378415
0.83,0.0,0.0,-5.075068438344701
0.84,0.0,0.0,-5.131456208225952
0.85,0.0,0.0,-5.187479089376853
0.86,0.0,0.0,-5.243729552217056
0.87,0.0,0.0,-5.305624363113311
0.88,0.0,0.0,-5.368182747445459
0.89,0.0,0.0,-5.4318100808638405
0.9,0.0,0.0,-5.496787081250048
0.91,0.0,0.0,-5.56329123486102
0.92,0.0,0.0,-5.6242050620604696
0.93,0.0,0.0,-5.687810027543585
0.94,0.0,0.0,-5.754185892077782
0.95,0.0,0.0,-5.8232504900617315
0.96,0.0,0.0,-5.878863436928636
0.97,0.0,0.0,-5.938859579152137
0.98,0.0,0.0,-5.983048433414943
0.99,0.0,0.0,-6.0336015062823725
1.0,0.0,0.0,-6.089665626493627
1.01,0.0,0.0,-6.150422945575593
1.02,0.0,0.0,-6.215227784431732
1.03,0.0,0.0,-6.263098471897683
1.04,0.0,0.0,-6.316509818571433
1.05,0.0,0.0,-6.374614306340936
1.06,0.0,0.0,-6.436678667517081
1.07,0.0,0.0,-6.466673360824822
1.08,0.0,0.0,-6.504732416739469
1.09,0.0,0.0,-6.549248591281739
1.1,0.0,0.0,-6.598962949192269
1.11,0.0,0.0,-6.619806156192455
1.12,0.0,0.0,-6.65001263179254
1.13,0.0,0.0,-6.687214565646642
1.14,0.0,0.0,-6.729940732197013
1.15,0.0,0.0,-6.777075476354704
1.16,0.0,0.0,-6.736929546456678
1.17,0.0,0.0,-6.711707442542824
1.18,0.0,0.0,-6.704642355056298
1.19,0.0,0.0,-6.72101516469934
1.2,0.0,0.0,-6.695595818898841
1.21,0.0,0.0,-6.656248900586246
1.22,0.0,0.0,-6.632309051190148
1.23,0.0,0.0,-6.628132885401962
1.24,0.0,0.0,-6.646342136444157
1.25,0.0,0.0,-6.67425706866982
1.26,0.0,0.0,-6.654083657457561
1.27,0.0,0.0,-6.6586991566397895
1.28,0.0,0.0,-6.678601540418432
1.29,0.0,0.0,-6.707359043196824
1.3,0.0,0.0,-6.7003240393271195
1.31,0.0,0.0,-6.7160760613967785
1.32,0.0,0.0,-6.741191592144973
1.33,0.0,0.0,-6.772831909374507
1.34,0.0,0.0,-6.78045641243906
1.35,0.0,0.0,-6.799239548163165
1.36,0.0,0.0,-6.824872991001325
1.37,0.0,0.0,-6.85526886835497
1.38,0.0,0.0,-6.889002999084873
1.39,0.0,0.0,-6.847713257443719
1.4,0.0,0.0,-6.817136191279072
1.41,0.0,0.0,-6.797347031204749
1.42,0.0,0.0,-6.788761810379078
1.43,0.0,0.0,-6.795585829446738
1.44,0.0,0.0,-6.771865681666494
1.45,0.0,0.0,-6.729390938950782
1.46,0.0,0.0,-6.694475187356791
1.47,0.0,0.0,-6.666353802063437
1.48,0.0,0.0,-6.644174140107924
1.49,0.0,0.0,-6.6269169267958326
1.5,0.0,0.0,-6.595305567262308
1.51,0.0,0.0,-6.567732137571464
1.52,0.0,0.0,-6.54319858343468
1.53,0.0,0.0,-6.520824456731671
1.54,0.0,0.0,-6.489219633855972
1.55,0.0,0.0,-6.459238169271278
1.56,0.0,0.0,-6.430116672508911
1.57,0.0,0.0,-6.401283223701462
1.58,0.0,0.0,-6.372230620809578
1.59,0.0,0.0,-6.338633889322209
1.6,0.0,0.0,-6.304393461681133
1.61,0.0,0.0,-6.26916286411374
1.62,0.0,0.0,-6.232641118434858
1.63,0.0,0.0,-6.194498236152103
1.64,0.0,0.0,-6.160388964334371
1.65,0.0,0.0,-6.1392042557204
1.66,0.0,0.0,-6.1119958671805446
1.67,0.0,0.0,-6.079588983591707
1.68,0.0,0.0,-6.042632517743323
1.69,0.0,0.0,-6.018685168255505
1.7,0.0,0.0,-5.987937307028629
1.71,0.0,0.0,-5.951466747382433
1.72,0.0,0.0,-5.91016220893559
1.73,0.0,0.0,-5.864651951769721
1.74,0.0,0.0,-5.832066977711307
1.75,0.0,0.0,-5.793612083285773
1.76,0.0,0.0,-5.750096189388566
1.77,0.0,0.0,-5.702456715086467
1.78,0.0,0.0,-5.680789748041456
1.79,0.0,0.0,-5.650964916196051
1.8,0.0,0.0,-5.614697461730728
1.81,0.0,0.0,-5.573361615960095
1.82,0.0,0.0,-5.527896536920856
1.83,0.0,0.0,-5.548867314767427
1.84,0.0,0.0,-5.549307739141638
1.85,0.0,0.0,-5.531474791806142
1.86,0.0,0.0,-5.505486324643448
1.87,0.0,0.0,-5.474035033231032
1.88,0.0,0.0,-5.524218919818219
1.89,0.0,0.0,-5.562644598079814
1.9,0.0,0.0,-5.58926290870919
1.91,0.0,0.0,-5.604109215043791
1.92,0.0,0.0,-5.638893766007142
1.93,0.0,0.0,-5.663923397073343
1.94,0.0,0.0,-5.6795315245662685
1.95,0.0,0.0,-5.685781506345168
1.96,0.0,0.0,-5.680334849117859
1.97,0.0,0.0,-5.7169101829847655
1.98,0.0,0.0,-5.7471381664053025
1.99,0.0,0.0,-5.771891327015275
2.0,0.0,0.0,-5.791799547158226
2.01,0.0,0.0,-5.80772882612143
2.02,0.0,0.0,-5.850114850989123
2.03,0.0,0.0,-5.887760359782824
2.04,0.0,0.0,-5.921116222367735
2.05,0.0,0.0,-5.950340541592616
2.06,0.0,0.0,-5.975454640276059
2.07,0.0,0.0,-6.003251010612792
2.08,0.0,0.0,-6.026443191192616
2.09,0.0,0.0,-6.045301135245368
2.1,0.0,0.0,-6.05939095189861
2.11,0.0,0.0,-6.067904997408768
2.12,0.0,0.0,-6.062781836580468
2.13,0.0,0.0,-6.053245437986324
2.14,0.0,0.0,-6.040076424554825
2.15,0.0,0.0,-6.0235656871558625
2.16,0.0,0.0,-6.003860559346892
2.17,0.0,0.0,-5.980038517493549
2.18,0.0,0.0,-5.953327902949152
2.19,0.0,0.0,-5.923683039269252
2.2,0.0,0.0,-5.891086111264898
2.21,0.0,0.0,-5.8589422256231725
2.22,0.0,0.0,-5.823452277422633
2.23,0.0,0.0,-5.784768626327285
2.24,0.0,0.0,-5.743021388844603
2.25,0.0,0.0,-5.698417313014243
2.26,0.0,0.0,-5.674875619450958
2.27,0.0,0.0,-5.644654985858097
2.28,0.0,0.0,-5.6087270934174285
2.29,0.0,0.0,-5.568101976816651
2.3,0.0,0.0,-5.5233935278384765
2.31,0.0,0.0,-5.530170301701688
2.32,0.0,0.0,-5.514352705107263
2.33,0.0,0.0,-5.48870910284918
2.34,0.0,0.0,-5.455885818865139
2.35,0.0,0.0,-5.417432223095305
2.36,0.0,0.0,-5.424345362623593
2.37,0.0,0.0,-5.408432296473982
2.38,0.0,0.0,-5.3828332078790195
2.39,0.0,0.0,-5.350102587562343
2.4,0.0,0.0,-5.356699476025658
2.41,0.0,0.0,-5.340384834460149
2.42,0.0,0.0,-5.314211171495143
2.43,0.0,0.0,-5.280866942050654
2.44,0.0,0.0,-5.241762970068065
2.45,0.0,0.0,-5.283468122460439
2.46,0.0,0.0,-5.309975631669929
2.47,0.0,0.0,-5.3177725810513525
2.48,0.0,0.0,-5.300802317988253
2.49,0.0,0.0,-5.3243434886863525
2.5,0.0,0.0,-5.325788602547448
2.51,0.0,0.0,-5.353127406105288
2.52,0.0,0.0,-5.360885178868455
2.53,0.0,0.0,-5.3433472578824786
2.54,0.0,0.0,-5.3152444229791795
2.55,0.0,0.0,-5.279634363213376
2.56,0.0,0.0,-5.298900455239233
2.57,0.0,0.0,-5.293190460382996
2.58,0.0,0.0,-5.273162636456819
2.59,0.0,0.0,-5.244729988574517
2.6,0.0,0.0,-5.263778765244715
2.61,0.0,0.0,-5.260334409441283
2.62,0.0,0.0,-5.242631389733236
2.63,0.0,0.0,-5.217507788605808
2.64,0.0,0.0,-5.187184852363393
2.65,0.0,0.0,-5.200401842420412
2.66,0.0,0.0,-5.193896698947853
2.67,0.0,0.0,-5.178241588981688
2.68,0.0,0.0,-5.1573621939684235
2.69,0.0,0.0,-5.2211330009574475
2.7,0.0,0.0,-5.274919834775255
2.71,0.0,0.0,-5.319055727329662
2.72,0.0,0.0,-5.353858308160056
2.73,0.0,0.0,-5.379695039465153
2.74,0.0,0.0,-5.424033493576327
2.75,0.0,0.0,-5.488127291832681
2.76,0.0,0.0,-5.543376717570588
2.77,0.0,0.0,-5.590287690629783
2.78,0.0,0.0,-5.629246644494116
2.79,0.0,0.0,-5.660733223896736
2.8,0.0,0.0,-5.707476844351251
2.81,0.0,0.0,-5.746897835108293
2.82,0.0,0.0,-5.77945727054586
2.83,0.0,0.0,-5.805519923643177
2.84,0.0,0.0,-5.843433560563016
2.85,0.0,0.0,-5.875043693155522
2.86,0.0,0.0,-5.900795753032565
2.87,0.0,0.0,-5.921059814878615
2.88,0.0,0.0,-5.958236756772578
2.89,0.0,0.0,-5.989654120518349
2.9,0.0,0.0,-6.015683309560982
2.91,0.0,0.0,-6.036672579582603
2.92,0.0,0.0,-6.0528219106732974
2.93,0.0,0.0,-6.089676489730546
2.94,0.0,0.0,-6.1209392991328055
2.95,0.0,0.0,-6.146861460536914
2.96,0.0,0.0,-6.167614143799446
2.97,0.0,0.0,-6.196361062258771
2.98,0.0,0.0,-6.228075093474323
2.99,0.0,0.0,-6.2538205181863065
3.0,0.0,0.0,-6.273697702263241
3.01,0.0,0.0,-6.2875897854770715
3.02,0.0,0.0,-6.305632894246334
3.03,0.0,0.0,-6.3174268730342105
3.04,0.0,0.0,-6.322232755178172
3.05,0.0,0.0,-6.317337903331528
3.06,0.0,0.0,-6.308850953682643
3.07,0.0,0.0,-6.321881920275818
3.08,0.0,0.0,-6.328156076799488
3.09,0.0,0.0,-6.324390532878097
3.1,0.0,0.0,-6.316517398041819
3.11,0.0,0.0,-6.328271700564041
3.12,0.0,0.0,-6.333373666213235
3.13,0.0,0.0,-6.328954929305114
3.14,0.0,0.0,-6.320999062398451
3.15,0.0,0.0,-6.311165484038697
3.16,0.0,0.0,-6.339262101423188
3.17,0.0,0.0,-6.361404642980911
3.18,0.0,0.0,-6.377724249012828
3.19,0.0,0.0,-6.38852483047928
3.2,0.0,0.0,-6.411223627202843
3.21,0.0,0.0,-6.440722046819484
3.22,0.0,0.0,-6.464636445220604
3.23,0.0,0.0,-6.483423760186158
3.24,0.0,0.0,-6.497620830432026
3.25,0.0,0.0,-6.507773170660929
3.26,0.0,0.0,-6.534493696010275
3.27,0.0,0.0,-6.556968368317587
3.28,0.0,0.0,-6.575715006536898
3.29,0.0,0.0,-6.591358787613499
3.3,0.0,0.0,-6.6175319744485845
3.31,0.0,0.0,-6.6405162974271965
3.32,0.0,0.0,-6.660732150879821
3.33,0.0,0.0,-6.678741119090457
3.34,0.0,0.0,-6.703936975489706
3.35,0.0,0.0,-6.726848417759811
3.36,0.0,0.0,-6.747871455595998
3.37,0.0,0.0,-6.767407735145583
3.38,0.0,0.0,-6.785825974262083
3.39,0.0,0.0,-6.815908019874464
3.4,0.0,0.0,-6.844014404969346
3.41,0.0,0.0,-6.870491477158297
3.42,0.0,0.0,-6.895455004150057
3.43,0.0,0.0,-6.91909723041536
3.44,0.0,0.0,-6.9429307609366395
3.45,0.0,0.0,-6.964907411906397
3.46,0.0,0.0,-6.985933761011975
3.47,0.0,0.0,-7.006042462361433
3.48,0.0,0.0,-7.02514205181252
3.49,0.0,0.0,-7.0400817178902795
3.5,0.0,0.0,-7.054359009122759
3.51,0.0,0.0,-7.067989365700922
3.52,0.0,0.0,-7.080822637076381
3.53,0.0,0.0,-7.092811223969345
3.54,0.0,0.0,-7.098618585054914
3.55,0.0,0.0,-7.10460310930163
3.56,0.0,0.0,-7.110534956961968
3.57,0.0,0.0,-7.116181233640622
3.58,0.0,0.0,-7.103981391297074
3.59,0.0,0.0,-7.095029057040559
3.6,0.0,0.0,-7.089148599729672
3.61,0.0,0.0,-7.086342853473352
3.62,0.0,0.0,-7.087630383310324
3.63,0.0,0.0,-7.082919635752912
3.64,0.0,0.0,-7.0814605187511965
3.65,0.0,0.0,-7.076391863110723
3.66,0.0,0.0,-7.074799907794342
3.67,0.0,0.0,-7.077481536423429
3.68,0.0,0.0,-7.081385239618797
3.69,0.0,0.0,-7.086119317603074
3.7,0.0,0.0,-7.08815051072906
3.71,0.0,0.0,-7.0920660829570235
3.72,0.0,0.0,-7.097150550513942
3.73,0.0,0.0,-7.10312775923152
3.74,0.0,0.0,-7.107430843309029
3.75,0.0,0.0,-7.113178152803164
3.76,0.0,0.0,-7.120043498041832
3.77,0.0,0.0,-7.1278437085912785
3.78,0.0,0.0,-7.126245615345946
3.79,0.0,0.0,-7.130922264579017
3.8,0.0,0.0,-7.137899365318131
3.81,0.0,0.0,-7.146456716267559
3.82,0.0,0.0,-7.156240196250263
3.83,0.0,0.0,-7.162626810082496
3.84,0.0,0.0,-7.171042672081216
3.85,0.0,0.0,-7.1683641258562165
3.86,0.0,0.0,-7.1736416495417465
3.87,0.0,0.0,-7.181750881288906
3.88,0.0,0.0,-7.19173806113419
3.89,0.0,0.0,-7.191654844101486
3.9,0.0,0.0,-7.197736526655376
3.91,0.0,0.0,-7.2063749163803665
3.92,0.0,0.0,-7.21674090463492
3.93,0.0,0.0,-7.228300867405835
3.94,0.0,0.0,-7.230575578252634
3.95,0.0,0.0,-7.236945170364599
3.96,0.0,0.0,-7.245634415010161
3.97,0.0,0.0,-7.255899976771331
3.98,0.0,0.0,-7.248234471618983
3.99,0.0,0.0,-7.2488217353907
4.0,0.0,0.0,-7.2550190160928905
4.01,0.0,0.0,-7.263720550489103
4.02,0.0,0.0,-7.247750152240494
4.03,0.0,0.0,-7.237882433689536
4.04,0.0,0.0,-7.23522699399569
4.05,0.0,0.0,-7.241156041840696
4.06,0.0,0.0,-7.250096258201198
4.07,0.0,0.0,-7.239747352813263
4.08,0.0,0.0,-7.222996901301212
4.09,0.0,0.0,-7.21285539406886
4.1,0.0,0.0,-7.210515772308234
4.11,0.0,0.0,-7.217008193340343
4.12,0.0,0.0,-7.208659768791861
4.13,0.0,0.0,-7.209896676672188
4.14,0.0,0.0,-7.2169554619336
4.15,0.0,0.0,-7.226729001280142
4.16,0.0,0.0,-7.23834665069883
4.17,0.0,0.0,-7.228354039716015
4.18,0.0,0.0,-7.225707942126443
4.19,0.0,0.0,-7.231820289914046
4.2,0.0,0.0,-7.240954749430621
4.21,0.0,0.0,-7.252075165754741
4.22,0.0,0.0,-7.235765787820087
4.23,0.0,0.0,-7.225877451864325
4.24,0.0,0.0,-7.223777212580088
4.25,0.0,0.0,-7.230380763550269
4.26,0.0,0.0,-7.222112468487081
4.27,0.0,0.0,-7.224202324360167
4.28,0.0,0.0,-7.215216141099969
4.29,0.0,0.0,-7.216625972377742
4.3,0.0,0.0,-7.224496371642554
4.31,0.0,0.0,-7.235573015984968
4.32,0.0,0.0,-7.237273683544606
4.33,0.0,0.0,-7.245164688281292
4.34,0.0,0.0,-7.256390814181833
4.35,0.0,0.0,-7.269924244734744
4.36,0.0,0.0,-7.285292676510774
4.37,0.0,0.0,-7.2817171690175915
4.38,0.0,0.0,-7.288625650482354
4.39,0.0,0.0,-7.299522986803855
4.4,0.0,0.0,-7.313138721630294
4.41,0.0,0.0,-7.3107473473054805
4.42,0.0,0.0,-7.318653468391836
4.43,0.0,0.0,-7.330672169898668
4.44,0.0,0.0,-7.345677432340926
4.45,0.0,0.0,-7.362959281413033
4.46,0.0,0.0,-7.344211925847492
4.47,0.0,0.0,-7.334134723424926
4.48,0.0,0.0,-7.338067453386334
4.49,0.0,0.0,-7.349182822281652
4.5,0.0,0.0,-7.3393497724065835
4.51,0.0,0.0,-7.320874516561968
4.52,0.0,0.0,-7.312648299502072
4.53,0.0,0.0,-7.319710919152709
4.54,0.0,0.0,-7.333308019448
4.55,0.0,0.0,-7.351105283903936
4.56,0.0,0.0,-7.337491092085078
4.57,0.0,0.0,-7.33658395457918
4.58,0.0,0.0,-7.347772824997026
4.59,0.0,0.0,-7.364145167827608
4.6,0.0,0.0,-7.353367503438325
4.61,0.0,0.0,-7.358122468489875
4.62,0.0,0.0,-7.370525239424474
4.63,0.0,0.0,-7.387568761968944
4.64,0.0,0.0,-7.408165418059417
4.65,0.0,0.0,-7.409885987310379
4.66,0.0,0.0,-7.420983413509328
4.67,0.0,0.0,-7.4369749088002965
4.68,0.0,0.0,-7.45661562937579
4.69,0.0,0.0,-7.426268923246059
4.7,0.0,0.0,-7.405468436300589
4.71,0.0,0.0,-7.395304125225005
4.72,0.0,0.0,-7.40170430513776
4.73,0.0,0.0,-7.41558080168841
4.74,0.0,0.0,-7.407577966240638
4.75,0.0,0.0,-7.380501519330185
4.76,0.0,0.0,-7.364123200741259
4.77,0.0,0.0,-7.361482599076693
4.78,0.0,0.0,-7.373850945944397
4.79,0.0,0.0,-7.358540227739531
4.8,0.0,0.0,-7.359468847002461
4.81,0.0,0.0,-7.37231660186328
4.82,0.0,0.0,-7.391231167424331
4.83,0.0,0.0,-7.414484667966433
4.84,0.0,0.0,-7.418313056330511
4.85,0.0,0.0,-7.431676447482088
4.86,0.0,0.0,-7.450716730769488
4.87,0.0,0.0,-7.473966800497226
4.88,0.0,0.0,-7.460254892920164
4.89,0.0,0.0,-7.463249209363995
4.9,0.0,0.0,-7.476511661336969
4.91,0.0,0.0,-7.4956756528471615
4.92,0.0,0.0,-7.4637217818990305
4.93,0.0,0.0,-7.442657330464626
4.94,0.0,0.0,-7.434294810408185
4.95,0.0,0.0,-7.444304260375666
4.96,0.0,0.0,-7.462007282219508
4.97,0.0,0.0,-7.441287798344668
4.98,0.0,0.0,-7.407228591942422
4.99,0.0,0.0,-7.3850452705450005
5.0,0.0,0.0,-7.376599873538295
5.01,0.0,0.0,-7.3874647551771035
5.02,0.0,0.0,-7.406299324660543
5.03,0.0,0.0,-7.397196735047692
5.04,0.0,0.0,-7.407280000376828
5.05,0.0,0.0,-7.425310642322318
5.06,0.0,0.0,-7.448760018760976
5.07,0.0,0.0,-7.432661673859757
5.08,0.0,0.0,-7.433377563626112
5.09,0.0,0.0,-7.446974067819466
5.1,0.0,0.0,-7.466925687269549
5.11,0.0,0.0,-7.491366413427422
5.12,0.0,0.0,-7.460444178428707
5.13,0.0,0.0,-7.440549906544387
5.14,0.0,0.0,-7.433448341629274
5.15,0.0,0.0,-7.444237718571201
5.16,0.0,0.0,-7.418339454709938
5.17,0.0,0.0,-7.404215372829607
5.18,0.0,0.0,-7.374847782856904
5.19,0.0,0.0,-7.357255745615021
5.2,0.0,0.0,-7.354562031897654
5.21,0.0,0.0,-7.367869639163578
5.22,0.0,0.0,-7.387809302021204
5.23,0.0,0.0,-7.379944403383755
5.24,0.0,0.0,-7.390169185324085
5.25,0.0,0.0,-7.407725258256078
5.26,0.0,0.0,-7.430359296322712
5.27,0.0,0.0,-7.412870372383443
5.28,0.0,0.0,-7.408915339556993
5.29,0.0,0.0,-7.421044196602488
5.3,0.0,0.0,-7.439642467049291
5.31,0.0,0.0,-7.4626788959500505
5.32,0.0,0.0,-7.453425303083565
5.33,0.0,0.0,-7.46158552117369
5.34,0.0,0.0,-7.477322365932506
5.35,0.0,0.0,-7.497968581800215
5.36,0.0,0.0,-7.459936883011818
5.37,0.0,0.0,-7.4323207434932295
5.38,0.0,0.0,-7.415917416283974
5.39,0.0,0.0,-7.413927000541438
5.4,0.0,0.0,-7.389924847984974
5.41,0.0,0.0,-7.377500800985897
5.42,0.0,0.0,-7.352356194528914
5.43,0.0,0.0,-7.338892341872903
5.44,0.0,0.0,-7.343486976781453
5.45,0.0,0.0,-7.35770439259782
5.46,0.0,0.0,-7.334900744206206
5.47,0.0,0.0,-7.323454700444172
5.48,0.0,0.0,-7.329707891951535
5.49,0.0,0.0,-7.343987713111275
5.5,0.0,0.0,-7.363159706389729
5.51,0.0,0.0,-7.350334698985873
5.52,0.0,0.0,-7.352854796112973
5.53,0.0,0.0,-7.364262651413601
5.54,0.0,0.0,-7.380379757423841
5.55,0.0,0.0,-7.368355672204665
5.56,0.0,0.0,-7.36962343548595
5.57,0.0,0.0,-7.379536004344415
5.58,0.0,0.0,-7.3936708283025245
5.59,0.0,0.0,-7.410558964455378
5.6,0.0,0.0,-7.3729307582797
5.61,0.0,0.0,-7.3433078788297115
5.62,0.0,0.0,-7.32172355654378
5.63,0.0,0.0,-7.308345835578386
5.64,0.0,0.0,-7.285131235596018
5.65,0.0,0.0,-7.250462710058162
5.66,0.0,0.0,-7.224091419077612
5.67,0.0,0.0,-7.206072380800737
5.68,0.0,0.0,-7.19701013796852
5.69,0.0,0.0,-7.201400577185072
5.7,0.0,0.0,-7.18476322210062
5.71,0.0,0.0,-7.176894762893085
5.72,0.0,0.0,-7.18207188181609
5.73,0.0,0.0,-7.1926185948335135
5.74,0.0,0.0,-7.1829926977776015
5.75,0.0,0.0,-7.184976355858782
5.76,0.0,0.0,-7.193520345016241
5.77,0.0,0.0,-7.205400007789963
5.78,0.0,0.0,-7.219440575491848
5.79,0.0,0.0,-7.192886587746057
5.8,0.0,0.0,-7.1732476264504355
5.81,0.0,0.0,-7.1605616943523565
5.82,0.0,0.0,-7.155617754907033
5.83,0.0,0.0,-7.160939476001554
5.84,0.0,0.0,-7.1506606159417405
5.85,0.0,0.0,-7.131305816376331
5.86,0.0,0.0,-7.11872471511607
5.87,0.0,0.0,-7.113359660561617
5.88,0.0,0.0,-7.11819620297248
5.89,0.0,0.0,-7.126658394835496
5.9,0.0,0.0,-7.11836365871189
5.91,0.0,0.0,-7.117874982418691
5.92,0.0,0.0,-7.12403917579097
5.93,0.0,0.0,-7.132493904168873
5.94,0.0,0.0,-7.126605452403098
5.95,0.0,0.0,-7.128650643550904
5.96,0.0,0.0,-7.134204080225383
5.97,0.0,0.0,-7.141343379430071
5.98,0.0,0.0,-7.130336777376244
5.99,0.0,0.0,-7.124093006547926
6.0,0.0,0.0,-7.123600888659701
6.01,0.0,0.0,-7.127826116338595
6.02,0.0,0.0,-7.133430793129239
6.03,0.0,0.0,-7.118751560973399
6.04,0.0,0.0,-7.108140625626853
6.05,0.0,0.0,-7.101587887336378
6.06,0.0,0.0,-7.098887351494316
6.07,0.0,0.0,-7.088684611695441
6.08,0.0,0.0,-7.0767007610640995
6.09,0.0,0.0,-7.068672999719978
6.1,0.0,0.0,-7.0645070782668045
6.11,0.0,0.0,-7.065536776720171
6.12,0.0,0.0,-7.0687498809194125
6.13,0.0,0.0,-7.065085559176922
6.14,0.0,0.0,-7.0657253997313285
6.15,0.0,0.0,-7.068192657829219
6.16,0.0,0.0,-7.071144042930687
6.17,0.0,0.0,-7.065425014244696
6.18,0.0,0.0,-7.062034796066428
6.19,0.0,0.0,-7.060602666718594
6.2,0.0,0.0,-7.060962376459672
6.21,0.0,0.0,-7.060961565068011
6.22,0.0,0.0,-7.055628704929684
6.23,0.0,0.0,-7.051219196337821
6.24,0.0,0.0,-7.047240187392038
6.25,0.0,0.0,-7.043364757636923
6.26,0.0,0.0,-7.037532617430637
6.27,0.0,0.0,-7.031858110656442
6.28,0.0,0.0,-7.0260772237496365
6.29,0.0,0.0,-7.020086351820447
6.3,0.0,0.0,-7.016090814625331
6.31,0.0,0.0,-7.0109760273493285
6.32,0.0,0.0,-7.010484627481696
6.33,0.0,0.0,-7.006456915892231
6.34,0.0,0.0,-7.000715157417617
6.35,0.0,0.0,-6.993796621578856
6.36,0.0,0.0,-6.997832091588874
6.37,0.0,0.0,-6.9948295521169594
6.38,0.0,0.0,-6.989028182057939
6.39,0.0,0.0,-6.981529935724331
6.4,0.0,0.0,-6.972720490030161
6.41,0.0,0.0,-6.97287188814705
6.42,0.0,0.0,-6.967285219200892
6.43,0.0,0.0,-6.959227694936735
6.44,0.0,0.0,-6.9493789475005645
6.45,0.0,0.0,-6.938034577955265
6.46,0.0,0.0,-6.951471563995454
6.47,0.0,0.0,-6.958318289353599
6.48,0.0,0.0,-6.9548063989227735
6.49,0.0,0.0,-6.946661853860712
6.5,0.0,0.0,-6.953527858793649
6.51,0.0,0.0,-6.949515393415669
6.52,0.0,0.0,-6.958901939492149
6.53,0.0,0.0,-6.957432946977923
6.54,0.0,0.0,-6.949180986491743
6.55,0.0,0.0,-6.937545233741538
6.56,0.0,0.0,-6.948996271132709
6.57,0.0,0.0,-6.951492931313901
6.58,0.0,0.0,-6.943681244197146
6.59,0.0,0.0,-6.932037993991159
6.6,0.0,0.0,-6.917725405091504
6.61,0.0,0.0,-6.923623063782759
6.62,0.0,0.0,-6.917595096010449
6.63,0.0,0.0,-6.906768680345418
6.64,0.0,0.0,-6.892741114873799
6.65,0.0,0.0,-6.876375717773521
6.66,0.0,0.0,-6.900532992070949
6.67,0.0,0.0,-6.916667958096533
6.68,0.0,0.0,-6.92361161389207
6.69,0.0,0.0,-6.9171101414057565
6.7,0.0,0.0,-6.931561862008982
6.71,0.0,0.0,-6.935863010778604
6.72,0.0,0.0,-6.952011061826508
6.73,0.0,0.0,-6.95796881755313
6.74,0.0,0.0,-6.949655881235794
6.75,0.0,0.0,-6.935910705748373
6.76,0.0,0.0,-6.952330014588661
6.77,0.0,0.0,-6.958512118117551
6.78,0.0,0.0,-6.950210090006204
6.79,0.0,0.0,-6.936235625644806
6.8,0.0,0.0,-6.918353091650101
6.81,0.0,0.0,-6.9265762692187955
6.82,0.0,0.0,-6.919904704942211
6.83,0.0,0.0,-6.906858157943712
6.84,0.0,0.0,-6.889605696113341
6.85,0.0,0.0,-6.86921216008875
6.86,0.0,0.0,-6.898972955319662
6.87,0.0,0.0,-6.919383608963396
6.88,0.0,0.0,-6.929279698112369
6.89,0.0,0.0,-6.9229854424758015
6.9,0.0,0.0,-6.941276070318119
6.91,0.0,0.0,-6.948235912548768
6.92,0.0,0.0,-6.968938536182777
6.93,0.0,0.0,-6.978427762566207
6.94,0.0,0.0,-6.970687436072722
6.95,0.0,0.0,-6.955633154754374
6.96,0.0,0.0,-6.976097093109745
6.97,0.0,0.0,-6.985324995208769
6.98,0.0,0.0,-6.977285956191663
6.99,0.0,0.0,-6.96197643973431
7.0,0.0,0.0,-6.941914357789625
7.01,0.0,0.0,-6.952541827188435
7.02,0.0,0.0,-6.946270658933037
7.03,0.0,0.0,-6.932128686311677
7.04,0.0,0.0,-6.912979295819397
7.05,0.0,0.0,-6.921303927044643
7.06,0.0,0.0,-6.913046700587062
7.07,0.0,0.0,-6.897835557530457
7.08,0.0,0.0,-6.87798030153188
7.09,0.0,0.0,-6.854675417200796
7.1,0.0,0.0,-6.891595810398612
7.11,0.0,0.0,-6.918481031021166
7.12,0.0,0.0,-6.934591747369575
7.13,0.0,0.0,-6.937052289776176
7.14,0.0,0.0,-6.924670587608903
7.15,0.0,0.0,-6.967278784546843
7.16,0.0,0.0,-6.999239001753683
7.17,0.0,0.0,-7.020009714190044
7.18,0.0,0.0,-7.028011839648544
7.19,0.0,0.0,-7.0179887629521875
7.2,0.0,0.0,-7.038774781228506
7.21,0.0,0.0,-7.046989560197955
7.22,0.0,0.0,-7.036883611405902
7.23,0.0,0.0,-7.019542091347288
7.24,0.0,0.0,-7.032471043344408
7.25,0.0,0.0,-7.0273450000189905
7.26,0.0,0.0,-7.012822027448778
7.27,0.0,0.0,-6.992780664809095
7.28,0.0,0.0,-7.013816098154261
7.29,0.0,0.0,-7.023104340054198
7.3,0.0,0.0,-7.014611155034426
7.31,0.0,0.0,-6.9986442610214405
7.32,0.0,0.0,-6.977625908005768
7.33,0.0,0.0,-7.0115238303201055
7.34,0.0,0.0,-7.034754190200586
7.35,0.0,0.0,-7.046252469548281
7.36,0.0,0.0,-7.039403023768718
7.37,0.0,0.0,-7.0241936126761475
7.38,0.0,0.0,-7.068320225401672
7.39,0.0,0.0,-7.101779390107422
7.4,0.0,0.0,-7.1239477250807735
7.41,0.0,0.0,-7.133595427843211
7.42,0.0,0.0,-7.1245984318435855
7.43,0.0,0.0,-7.142940453371889
7.44,0.0,0.0,-7.14764889516298
7.45,0.0,0.0,-7.13549436336538
7.46,0.0,0.0,-7.116614935010955
7.47,0.0,0.0,-7.093107233142535
7.48,0.0,0.0,-7.111460565851253
7.49,0.0,0.0,-7.116823543072736
7.5,0.0,0.0,-7.105389474660543
7.51,0.0,0.0,-7.087522607210232
7.52,0.0,0.0,-7.1236922753979135
7.53,0.0,0.0,-7.149190216251056
7.54,0.0,0.0,-7.163039716334838
7.55,0.0,0.0,-7.1589077693156975
7.56,0.0,0.0,-7.187594177871876
7.57,0.0,0.0,-7.204980099103254
7.58,0.0,0.0,-7.235695433771747
7.59,0.0,0.0,-7.255068183657339
7.6,0.0,0.0,-7.260906467530659
7.61,0.0,0.0,-7.249321452128952
7.62,0.0,0.0,-7.2308227313223945
7.63,0.0,0.0,-7.240177352951019
7.64,0.0,0.0,-7.231523015592527
7.65,0.0,0.0,-7.215274945623746
7.66,0.0,0.0,-7.193987899263819
7.67,0.0,0.0,-7.210650037346713
7.68,0.0,0.0,-7.21420053416114
7.69,0.0,0.0,-7.2026419379295925
7.7,0.0,0.0,-7.184989926784711
7.71,0.0,0.0,-7.163228802525574
7.72,0.0,0.0,-7.1716829872517875
7.73,0.0,0.0,-7.163713491754625
7.74,0.0,0.0,-7.1487890796734
7.75,0.0,0.0,-7.129342937931866
7.76,0.0,0.0,-7.163999492493602
7.77,0.0,0.0,-7.188857544730501
7.78,0.0,0.0,-7.203077623263699
7.79,0.0,0.0,-7.201475913935845
7.8,0.0,0.0,-7.189349164859648
7.81,0.0,0.0,-7.204987623459599
7.82,0.0,0.0,-7.231765823037754
7.83,0.0,0.0,-7.248035151708933
7.84,0.0,0.0,-7.251221322546205
7.85,0.0,0.0,-7.239748259619597
7.86,0.0,0.0,-7.2652531119961035
7.87,0.0,0.0,-7.280253357159783
7.88,0.0,0.0,-7.281430117515533
7.89,0.0,0.0,-7.269713621781929
7.9,0.0,0.0,-7.25253945391144
7.91,0.0,0.0,-7.267377828676232
7.92,0.0,0.0,-7.269876295187512
7.93,0.0,0.0,-7.259138562908577
7.94,0.0,0.0,-7.24322958391618
7.95,0.0,0.0,-7.223823261646896
7.96,0.0,0.0,-7.259947509646058
7.97,0.0,0.0,-7.287193620217303
7.98,0.0,0.0,-7.305213406109033
7.99,0.0,0.0,-7.313174865302017
8.0,0.0,0.0,-7.3368057665931605
8.01,0.0,0.0,-7.351173961837678
8.02,0.0,0.0,-7.3755031393530235
8.03,0.0,0.0,-7.390565136649867
8.04,0.0,0.0,-7.394884060769024
8.05,0.0,0.0,-7.386055633274238
8.06,0.0,0.0,-7.407046638585636
8.07,0.0,0.0,-7.419159234489546
8.08,0.0,0.0,-7.419518647212867
8.09,0.0,0.0,-7.409962131412549
8.1,0.0,0.0,-7.423588557707681
8.11,0.0,0.0,-7.427792251767725
8.12,0.0,0.0,-7.419939712771705
8.13,0.0,0.0,-7.407827494192568
8.14,0.0,0.0,-7.392821102456621
8.15,0.0,0.0,-7.398375641081325
8.16,0.0,0.0,-7.392443310401161
8.17,0.0,0.0,-7.382267570395203
8.18,0.0,0.0,-7.369409286949104
8.19,0.0,0.0,-7.393300017188036
8.2,0.0,0.0,-7.410200089536313
8.21,0.0,0.0,-7.4198654375077
8.22,0.0,0.0,-7.419255744056631
8.23,0.0,0.0,-7.411662180268952
8.24,0.0,0.0,-7.4190175762729185
8.25,0.0,0.0,-7.435840253904573
8.26,0.0,0.0,-7.4454059374885055
8.27,0.0,0.0,-7.444707624105214
8.28,0.0,0.0,-7.437005682577837
8.29,0.0,0.0,-7.426044727444151
8.3,0.0,0.0,-7.428951519567918
8.31,0.0,0.0,-7.4222850113794845
8.32,0.0,0.0,-7.412197638299228
8.33,0.0,0.0,-7.399954711473891
8.34,0.0,0.0,-7.397431086597651
8.35,0.0,0.0,-7.390073794478242
8.36,0.0,0.0,-7.380088557704383
8.37,0.0,0.0,-7.368428974572189
8.38,0.0,0.0,-7.374216013770822
8.39,0.0,0.0,-7.370919725035847
8.4,0.0,0.0,-7.364063071955653
8.41,0.0,0.0,-7.355237896621354
8.42,0.0,0.0,-7.345188228350495
8.43,0.0,0.0,-7.3581760821214255
8.44,0.0,0.0,-7.365898598907217
8.45,0.0,0.0,-7.36772420308866
8.46,0.0,0.0,-7.363153589764433
8.47,0.0,0.0,-7.373233145186683
8.48,0.0,0.0,-7.386006996432894
8.49,0.0,0.0,-7.394196108135684
8.5,0.0,0.0,-7.397703663022381
8.51,0.0,0.0,-7.395017223199971
8.52,0.0,0.0,-7.390363448605442
8.53,0.0,0.0,-7.395557725780105
8.54,0.0,0.0,-7.3965438952026545
8.55,0.0,0.0,-7.393637394638044
8.56,0.0,0.0,-7.389905278184969
8.57,0.0,0.0,-7.396420157370579
8.58,0.0,0.0,-7.400150755520375
8.59,0.0,0.0,-7.401456444454192
8.6,0.0,0.0,-7.399989346916629
8.61,0.0,0.0,-7.398232115085613
8.62,0.0,0.0,-7.402556672357366
8.63,0.0,0.0,-7.405245312759051
8.64,0.0,0.0,-7.406574793383936
8.65,0.0,0.0,-7.407203088419573
8.66,0.0,0.0,-7.413722271374142
8.67,0.0,0.0,-7.418832830036329
8.68,0.0,0.0,-7.422920271230088
8.69,0.0,0.0,-7.426220384017139
8.7,0.0,0.0,-7.42778908185143
8.71,0.0,0.0,-7.429525433249692
8.72,0.0,0.0,-7.428042383214021
8.73,0.0,0.0,-7.429337127550463
8.74,0.0,0.0,-7.43138016371672
8.75,0.0,0.0,-7.433888052488433
8.76,0.0,0.0,-7.42906241504116
8.77,0.0,0.0,-7.427166104492392
8.78,0.0,0.0,-7.429211686823275
8.79,0.0,0.0,-7.432333542423342
8.8,0.0,0.0,-7.426907971284976
8.81,0.0,0.0,-7.424865804736065
8.82,0.0,0.0,-7.427257495262931
8.83,0.0,0.0,-7.430971937229582
8.84,0.0,0.0,-7.435600127358514
8.85,0.0,0.0,-7.431957544178999
8.86,0.0,0.0,-7.433922047677683
8.87,0.0,0.0,-7.438157571208823
8.88,0.0,0.0,-7.443835606878284
8.89,0.0,0.0,-7.450616056755526
8.9,0.0,0.0,-7.436974598637767
8.91,0.0,0.0,-7.4284095324065
8.92,0.0,0.0,-7.4258987523008795
8.93,0.0,0.0,-7.430971625394656
8.94,0.0,0.0,-7.426215093478888
8.95,0.0,0.0,-7.412361614706649
8.96,0.0,0.0,-7.405067343561504
8.97,0.0,0.0,-7.408004058515625
8.98,0.0,0.0,-7.41575684277469
8.99,0.0,0.0,-7.42627810165934
9.0,0.0,0.0,-7.419480617920424
9.01,0.0,0.0,-7.423249784494317
9.02,0.0,0.0,-7.431653802799505
9.03,0.0,0.0,-7.442854991034736
9.04,0.0,0.0,-7.437951162456522
9.05,0.0,0.0,-7.4434883051036085
9.06,0.0,0.0,-7.45295050794555
9.07,0.0,0.0,-7.464959875008249
9.08,0.0,0.0,-7.453338615587752
9.09,0.0,0.0,-7.449755363848967
9.1,0.0,0.0,-7.456596389091905
9.11,0.0,0.0,-7.467206860761338
9.12,0.0,0.0,-7.480403247120684
9.13,0.0,0.0,-7.458894893228607
9.14,0.0,0.0,-7.4448240587863195
9.15,0.0,0.0,-7.439108388692324
9.16,0.0,0.0,-7.445485861357967
9.17,0.0,0.0,-7.456555433894714
9.18,0.0,0.0,-7.425963031353648
9.19,0.0,0.0,-7.4034872457509655
9.2,0.0,0.0,-7.3897490468404845
9.21,0.0,0.0,-7.386438843521811
9.22,0.0,0.0,-7.395581448200532
9.23,0.0,0.0,-7.384488221120322
9.24,0.0,0.0,-7.387291030381218
9.25,0.0,0.0,-7.397994466727573
9.26,0.0,0.0,-7.413169707335454
9.27,0.0,0.0,-7.397884353478435
9.28,0.0,0.0,-7.393125293251949
9.29,0.0,0.0,-7.402155796524271
9.3,0.0,0.0,-7.416548358363136
9.31,0.0,0.0,-7.434610877339765
9.32,0.0,0.0,-7.426640655039918
9.33,0.0,0.0,-7.433259486193568
9.34,0.0,0.0,-7.446097300843864
9.35,0.0,0.0,-7.463002556337119
9.36,0.0,0.0,-7.4309107314573675
9.37,0.0,0.0,-7.408113384363714
9.38,0.0,0.0,-7.395417253450699
9.39,0.0,0.0,-7.398219435493894
9.4,0.0,0.0,-7.410192986355424
9.41,0.0,0.0,-7.395075228651643
9.42,0.0,0.0,-7.369980105059928
9.43,0.0,0.0,-7.35534034277073
9.44,0.0,0.0,-7.355931633760135
9.45,0.0,0.0,-7.3681531495264965
9.46,0.0,0.0,-7.346410190775545
9.47,0.0,0.0,-7.335919161287747
9.48,0.0,0.0,-7.342994189068243
9.49,0.0,0.0,-7.357875856943597
9.5,0.0,0.0,-7.342975568153859
9.51,0.0,0.0,-7.343689914795028
9.52,0.0,0.0,-7.356175329683544
9.53,0.0,0.0,-7.374262198843361
9.54,0.0,0.0,-7.396489850389657
9.55,0.0,0.0,-7.394215865779336
9.56,0.0,0.0,-7.405890993174722
9.57,0.0,0.0,-7.423386788799058
9.58,0.0,0.0,-7.445002269701574
9.59,0.0,0.0,-7.469838832996579
9.6,0.0,0.0,-7.434888137915108
9.61,0.0,0.0,-7.410176722578358
9.62,0.0,0.0,-7.396810651230222
9.63,0.0,0.0,-7.401077477366649
9.64,0.0,0.0,-7.3826638124404615
9.65,0.0,0.0,-7.377703236709478
9.66,0.0,0.0,-7.347806970414247
9.67,0.0,0.0,-7.3295756901965925
9.68,0.0,0.0,-7.326305198928801
9.69,0.0,0.0,-7.3395342652828095
9.7,0.0,0.0,-7.320458042973278
9.71,0.0,0.0,-7.315374180550994
9.72,0.0,0.0,-7.327792219373957
9.73,0.0,0.0,-7.347045966962788
9.74,0.0,0.0,-7.3362100353949335
9.75,0.0,0.0,-7.343854395085014
9.76,0.0,0.0,-7.359825665551942
9.77,0.0,0.0,-7.381097776995754
9.78,0.0,0.0,-7.406324005585506
9.79,0.0,0.0,-7.36489033865494
9.8,0.0,0.0,-7.333945543730691
9.81,0.0,0.0,-7.313952213419282
9.82,0.0,0.0,-7.3064202996456675
9.83,0.0,0.0,-7.282382160723426
9.84,0.0,0.0,-7.270060695130958
9.85,0.0,0.0,-7.2759134899712485
9.86,0.0,0.0,-7.247407948064522
9.87,0.0,0.0,-7.230110448556095
9.88,0.0,0.0,-7.226980529520468
9.89,0.0,0.0,-7.239431137679372
9.9,0.0,0.0,-7.2204940903695185
9.91,0.0,0.0,-7.214281459935598
9.92,0.0,0.0,-7.225032718272474
9.93,0.0,0.0,-7.242380440406823
9.94,0.0,0.0,-7.231908465602894
9.95,0.0,0.0,-7.238794271191243
9.96,0.0,0.0,-7.253631091983682
9.97,0.0,0.0,-7.273385129663828
9.98,0.0,0.0,-7.296768613443732
9.99,0.0,0.0,-7.28116179015424
10.0,0.0,0.0,-7.278821870102451
10.01,0.0,0.0,-7.290555497872458
10.02,0.0,0.0,-7.3079301460841375
10.03,0.0,0.0,-7.27523411068352
10.04,0.0,0.0,-7.252927481592358
10.05,0.0,0.0,-7.242057412367526
10.06,0.0,0.0,-7.248895888400085
10.07,0.0,0.0,-7.263829639975383
10.08,0.0,0.0,-7.242439910025991
10.09,0.0,0.0,-7.208757782280194
10.1,0.0,0.0,-7.186108756934953
10.11,0.0,0.0,-7.175557682900093
10.12,0.0,0.0,-7.1834409758645945
10.13,0.0,0.0,-7.165648467790562
10.14,0.0,0.0,-7.161253681363917
10.15,0.0,0.0,-7.1727755189293205
10.16,0.0,0.0,-7.190613114420607
10.17,0.0,0.0,-7.2127262681597895
10.18,0.0,0.0,-7.194156917550004
10.19,0.0,0.0,-7.186863971181586
10.2,0.0,0.0,-7.195751644588003
10.21,0.0,0.0,-7.2106918014385135
10.22,0.0,0.0,-7.192402706466241
10.23,0.0,0.0,-7.184496720485904
10.24,0.0,0.0,-7.191735390338003
10.25,0.0,0.0,-7.204937294918379
10.26,0.0,0.0,-7.2219395522838035
10.27,0.0,0.0,-7.182796109360016
10.28,0.0,0.0,-7.152377021463919
10.29,0.0,0.0,-7.130870815635163
10.3,0.0,0.0,-7.118550370000691
10.31,0.0,0.0,-7.09136228152968
10.32,0.0,0.0,-7.057092592383172
10.33,0.0,0.0,-7.031694632645185
10.34,0.0,0.0,-7.015543082383356
10.35,0.0,0.0,-7.0096502480439105
10.36,0.0,0.0,-7.017872768100243
10.37,0.0,0.0,-6.995884722300629
10.38,0.0,0.0,-6.983033072543145
10.39,0.0,0.0,-6.981841683090379
10.4,0.0,0.0,-6.99177209271573
10.41,0.0,0.0,-6.976521270462042
10.42,0.0,0.0,-6.970870193467572
10.43,0.0,0.0,-6.978373748273994
10.44,0.0,0.0,-6.990860224881062
10.45,0.0,0.0,-6.981245035342404
10.46,0.0,0.0,-6.984528846758534
10.47,0.0,0.0,-6.994349547991483
10.48,0.0,0.0,-7.007917738697454
10.49,0.0,0.0,-7.024139062002521
10.5,0.0,0.0,-6.995801501028589
10.51,0.0,0.0,-6.975327169822479
10.52,0.0,0.0,-6.9631440593222855
10.53,0.0,0.0,-6.961201052430335
10.54,0.0,0.0,-6.947578857681335
10.55,0.0,0.0,-6.9435324335503035
10.56,0.0,0.0,-6.923761890845945
10.57,0.0,0.0,-6.912592071592245
10.58,0.0,0.0,-6.914324067882147
10.59,0.0,0.0,-6.923952914525611
10.6,0.0,0.0,-6.912725903190815
10.61,0.0,0.0,-6.913376226554454
10.62,0.0,0.0,-6.922355275454351
10.63,0.0,0.0,-6.935221478148244
10.64,0.0,0.0,-6.950662021294441
10.65,0.0,0.0,-6.948566961996203
10.66,0.0,0.0,-6.956268149029269
10.67,0.0,0.0,-6.967494347710586
10.68,0.0,0.0,-6.980952527881585
10.69,0.0,0.0,-6.956720905264312
10.7,0.0,0.0,-6.939327306723326
10.71,0.0,0.0,-6.928849122822211
10.72,0.0,0.0,-6.926479514641551
10.73,0.0,0.0,-6.933218243033533
10.74,0.0,0.0,-6.92456534686413
10.75,0.0,0.0,-6.925114786264588
10.76,0.0,0.0,-6.910244230128118
10.77,0.0,0.0,-6.901921207005317
10.78,0.0,0.0,-6.902713248847282
10.79,0.0,0.0,-6.909404157250153
10.8,0.0,0.0,-6.901349067555054
10.81,0.0,0.0,-6.901348770010468
10.82,0.0,0.0,-6.907522342602097
10.83,0.0,0.0,-6.915975046810495
10.84,0.0,0.0,-6.911885347438422
10.85,0.0,0.0,-6.9158356680852595
10.86,0.0,0.0,-6.92266717469082
10.87,0.0,0.0,-6.931134419267988
10.88,0.0,0.0,-6.94066165975428
10.89,0.0,0.0,-6.926125904712933
10.9,0.0,0.0,-6.9167581860771055
10.91,0.0,0.0,-6.912927966081879
10.92,0.0,0.0,-6.916688846848771
10.93,0.0,0.0,-6.923014249828134
10.94,0.0,0.0,-6.921321073843654
10.95,0.0,0.0,-6.92599705380989
10.96,0.0,0.0,-6.919569829653827
10.97,0.0,0.0,-6.920282458785571
10.98,0.0,0.0,-6.925292035793076
10.99,0.0,0.0,-6.9322215443260475
11.0,0.0,0.0,-6.929585942912902
11.01,0.0,0.0,-6.933523165027591
11.02,0.0,0.0,-6.939461574012601
11.03,0.0,0.0,-6.946558663071356
11.04,0.0,0.0,-6.954407212048111
11.05,0.0,0.0,-6.955735533599297
11.06,0.0,0.0,-6.959794955768015
11.07,0.0,0.0,-6.965100326754169
11.08,0.0,0.0,-6.971095613768428
11.09,0.0,0.0,-6.977389115822889
11.1,0.0,0.0,-6.966781492485854
11.11,0.0,0.0,-6.959812815207409
11.12,0.0,0.0,-6.956391394220947
11.13,0.0,0.0,-6.957801784937789
11.14,0.0,0.0,-6.953708751333721
11.15,0.0,0.0,-6.953538562432394
11.16,0.0,0.0,-6.948747245729955
11.17,0.0,0.0,-6.94715016986293
11.18,0.0,0.0,-6.94918055867896
11.19,0.0,0.0,-6.951920346314887
11.2,0.0,0.0,-6.949292979693035
11.21,0.0,0.0,-6.9494321622244515
11.22,0.0,0.0,-6.950764100508769
11.23,0.0,0.0,-6.952098009174667
11.24,0.0,0.0,-6.950586854383375
11.25,0.0,0.0,-6.949813563320959
11.26,0.0,0.0,-6.94901279727941
11.27,0.0,0.0,-6.947932200867297
11.28,0.0,0.0,-6.946462232380287
11.29,0.0,0.0,-6.944427881114062
11.3,0.0,0.0,-6.941973594725688
11.31,0.0,0.0,-6.939017793436911
11.32,0.0,0.0,-6.93557150696421
11.33,0.0,0.0,-6.941270945261644
11.34,0.0,0.0,-6.9433425039436045
11.35,0.0,0.0,-6.94057024060506
11.36,0.0,0.0,-6.936335168661414
11.37,0.0,0.0,-6.931266162456038
11.38,0.0,0.0,-6.936912317914795
11.39,0.0,0.0,-6.9469888840992535
11.4,0.0,0.0,-6.952857633878376
11.41,0.0,0.0,-6.953794712325342
11.42,0.0,0.0,-6.949808704770639
11.43,0.0,0.0,-6.957697579568901
11.44,0.0,0.0,-6.9610250905164
11.45,0.0,0.0,-6.958059853630377
11.46,0.0,0.0,-6.953000042654557
11.47,0.0,0.0,-6.946680204373719
11.48,0.0,0.0,-6.959365426250973
11.49,0.0,0.0,-6.967486987196516
11.5,0.0,0.0,-6.970585369228639
11.51,0.0,0.0,-6.966867803581804
11.52,0.0,0.0,-6.978288089346312
11.53,0.0,0.0,-6.984565940737916
11.54,0.0,0.0,-6.983197678592187
11.55,0.0,0.0,-6.977763905376256
11.56,0.0,0.0,-7.000472693849205
11.57,0.0,0.0,-7.0174415117938675
11.58,0.0,0.0,-7.0284161771099
11.59,0.0,0.0,-7.033020399290449
11.6,0.0,0.0,-7.028401353408326
11.61,0.0,0.0,-7.04003919814889
11.62,0.0,0.0,-7.057615312122229
11.63,0.0,0.0,-7.068551905979926
11.64,0.0,0.0,-7.0716556836456235
11.65,0.0,0.0,-7.0652368900920886
11.66,0.0,0.0,-7.081262887981719
11.67,0.0,0.0,-7.090218614419609
11.68,0.0,0.0,-7.088535570051133
11.69,0.0,0.0,-7.080594063577497
11.7,0.0,0.0,-7.06938552563036
11.71,0.0,0.0,-7.078752960677679
11.72,0.0,0.0,-7.077452494365957
11.73,0.0,0.0,-7.069456429552425
11.74,0.0,0.0,-7.058011932139824
11.75,0.0,0.0,-7.065637479819479
11.76,0.0,0.0,-7.0615716500495544
11.77,0.0,0.0,-7.052120528935648
11.78,0.0,0.0,-7.039368745019618
11.79,0.0,0.0,-7.024253754205139
11.8,0.0,0.0,-7.0508994618856216
11.81,0.0,0.0,-7.069834157689109
11.82,0.0,0.0,-7.080267690020426
11.83,0.0,0.0,-7.077806376964285
11.84,0.0,0.0,-7.0924516474858175
11.85,0.0,0.0,-7.0974244735591325
11.86,0.0,0.0,-7.121151898693112
11.87,0.0,0.0,-7.135949340650925
11.88,0.0,0.0,-7.140095928179379
11.89,0.0,0.0,-7.13103324972171
11.9,0.0,0.0,-7.146707504264147
11.91,0.0,0.0,-7.152024973072373
11.92,0.0,0.0,-7.143372915408102
11.93,0.0,0.0,-7.12939848656199
11.94,0.0,0.0,-7.111750218256464
11.95,0.0,0.0,-7.11793955959116
11.96,0.0,0.0,-7.110153103400733
11.97,0.0,0.0,-7.096812649036137
11.98,0.0,0.0,-7.079877961510794
11.99,0.0,0.0,-7.060169172261213
12.0,0.0,0.0,-7.092821300082543
12.01,0.0,0.0,-7.1166453421714895
12.02,0.0,0.0,-7.130973239139906
12.03,0.0,0.0,-7.133801888445008
12.04,0.0,0.0,-7.152093540145519
12.05,0.0,0.0,-7.15992551702501
12.06,0.0,0.0,-7.187677513733668
12.07,0.0,0.0,-7.205648716940778
12.08,0.0,0.0,-7.212293414067347
12.09,0.0,0.0,-7.203426419737971
12.1,0.0,0.0,-7.221473081401181
12.11,0.0,0.0,-7.2284623869800955
12.12,0.0,0.0,-7.2196686590187005
12.13,0.0,0.0,-7.20471964893709
12.14,0.0,0.0,-7.1855568412718585
12.15,0.0,0.0,-7.191789220012196
12.16,0.0,0.0,-7.1827776043119025
12.17,0.0,0.0,-7.16778147238363
12.18,0.0,0.0,-7.148718859260914
12.19,0.0,0.0,-7.184794813725283
12.2,0.0,0.0,-7.211299236082878
12.21,0.0,0.0,-7.227632159790751
12.22,0.0,0.0,-7.231660054343361
12.23,0.0,0.0,-7.220915403511529
12.24,0.0,0.0,-7.235831903916246
12.25,0.0,0.0,-7.237269724648019
12.26,0.0,0.0,-7.265958199749495
12.27,0.0,0.0,-7.284185035643018
12.28,0.0,0.0,-7.290094214958882
12.29,0.0,0.0,-7.279751267378169
12.3,0.0,0.0,-7.298707721469252
12.31,0.0,0.0,-7.305569161163327
12.32,0.0,0.0,-7.295753515139971
12.33,0.0,0.0,-7.279226798045482
12.34,0.0,0.0,-7.290349804274696
12.35,0.0,0.0,-7.284083431502928
12.36,0.0,0.0,-7.269632072428882
12.37,0.0,0.0,-7.250000757469973
12.38,0.0,0.0,-7.226549296167509
12.39,0.0,0.0,-7.241361931732013
12.4,0.0,0.0,-7.241956805642849
12.41,0.0,0.0,-7.2298349929946495
12.42,0.0,0.0,-7.21210411595384
12.43,0.0,0.0,-7.245336165750627
12.44,0.0,0.0,-7.26820671014242
12.45,0.0,0.0,-7.279601940134133
12.46,0.0,0.0,-7.2732110126242935
12.47,0.0,0.0,-7.258479917332693
12.48,0.0,0.0,-7.280999654910017
12.49,0.0,0.0,-7.31571625928562
12.5,0.0,0.0,-7.339603404665536
12.51,0.0,0.0,-7.351622763954137
12.52,0.0,0.0,-7.345250657910677
12.53,0.0,0.0,-7.363827417450073
12.54,0.0,0.0,-7.369275050993019
12.55,0.0,0.0,-7.357852156098583
12.56,0.0,0.0,-7.339806325116985
12.57,0.0,0.0,-7.317106568484483
12.58,0.0,0.0,-7.333314790729844
12.59,0.0,0.0,-7.33627695010218
12.6,0.0,0.0,-7.32434438497159
12.61,0.0,0.0,-7.30646017719522
12.62,0.0,0.0,-7.319722696484982
12.63,0.0,0.0,-7.3162143288086705
12.64,0.0,0.0,-7.303146782447774
12.65,0.0,0.0,-7.284624010573535
12.66,0.0,0.0,-7.32284628287748
12.67,0.0,0.0,-7.350890229341452
12.68,0.0,0.0,-7.368021971576241
12.69,0.0,0.0,-7.371959841527524
12.7,0.0,0.0,-7.360386439805103
12.71,0.0,0.0,-7.378206861662109
12.72,0.0,0.0,-7.406684410854667
12.73,0.0,0.0,-7.424060903442566
12.74,0.0,0.0,-7.427938038974267
12.75,0.0,0.0,-7.415959440088859
12.76,0.0,0.0,-7.397637196040959
12.77,0.0,0.0,-7.416196331880184
12.78,0.0,0.0,-7.422115953219788
12.79,0.0,0.0,-7.411533255644292
12.8,0.0,0.0,-7.394370531156567
12.81,0.0,0.0,-7.406896934958987
12.82,0.0,0.0,-7.402274663335888
12.83,0.0,0.0,-7.3886475408721015
12.84,0.0,0.0,-7.369653280367928
12.85,0.0,0.0,-7.34689895488126
12.86,0.0,0.0,-7.345851947408651
12.87,0.0,0.0,-7.3343604619322145
12.88,0.0,0.0,-7.317500171248301
12.89,0.0,0.0,-7.296927624655886
12.9,0.0,0.0,-7.332010172283256
12.91,0.0,0.0,-7.357657685540887
12.92,0.0,0.0,-7.373353105770154
12.93,0.0,0.0,-7.377344750729081
12.94,0.0,0.0,-7.396668193326711
12.95,0.0,0.0,-7.4052280048609935
12.96,0.0,0.0,-7.432734965871182
12.97,0.0,0.0,-7.45021456349033
12.98,0.0,0.0,-7.456416903358451
12.99,0.0,0.0,-7.447182494510621
13.0,0.0,0.0,-7.46301527042076
13.01,0.0,0.0,-7.467230024242325
13.02,0.0,0.0,-7.457113259382286
13.03,0.0,0.0,-7.4416415813199
13.04,0.0,0.0,-7.422545136507724
13.05,0.0,0.0,-7.424851429285926
13.06,0.0,0.0,-7.414823445837068
13.07,0.0,0.0,-7.400032560800553
13.08,0.0,0.0,-7.3820128716256015
13.09,0.0,0.0,-7.411051402789362
13.1,0.0,0.0,-7.431508678349074
13.11,0.0,0.0,-7.442910864365695
13.12,0.0,0.0,-7.440735157490509
13.13,0.0,0.0,-7.4305616633993345
13.14,0.0,0.0,-7.439921244498436
13.15,0.0,0.0,-7.435700821267408
13.16,0.0,0.0,-7.453746283545146
13.17,0.0,0.0,-7.462942806108584
13.18,0.0,0.0,-7.45864346946177
13.19,0.0,0.0,-7.448098558378724
13.2,0.0,0.0,-7.4566438702471345
13.21,0.0,0.0,-7.4516833558527225
13.22,0.0,0.0,-7.440975827322538
13.23,0.0,0.0,-7.427146759272988
13.24,0.0,0.0,-7.4279962168104685
13.25,0.0,0.0,-7.419465986348456
13.26,0.0,0.0,-7.407204076168922
13.27,0.0,0.0,-7.392451703133966
13.28,0.0,0.0,-7.375969807890389
13.29,0.0,0.0,-7.39408960528393
13.3,0.0,0.0,-7.40492501510765
13.31,0.0,0.0,-7.407013590364796
13.32,0.0,0.0,-7.399622327826944
13.33,0.0,0.0,-7.406244857280811
13.34,0.0,0.0,-7.401923967197578
13.35,0.0,0.0,-7.414409192085648
13.36,0.0,0.0,-7.419360897270517
13.37,0.0,0.0,-7.413947291592476
13.38,0.0,0.0,-7.404780201146606
13.39,0.0,0.0,-7.393320569512372
13.4,0.0,0.0,-7.395589179520441
13.41,0.0,0.0,-7.389456026026213
13.42,0.0,0.0,-7.380500953989186
13.43,0.0,0.0,-7.3697852330083
13.44,0.0,0.0,-7.369833259684903
13.45,0.0,0.0,-7.364029700986541
13.46,0.0,0.0,-7.355998334932656
13.47,0.0,0.0,-7.346657561065341
13.48,0.0,0.0,-7.353362271078744
13.49,0.0,0.0,-7.353922261906575
13.5,0.0,0.0,-7.349239618238484
13.51,0.0,0.0,-7.342897189909392
13.52,0.0,0.0,-7.335656227652044
13.53,0.0,0.0,-7.346661527105583
13.54,0.0,0.0,-7.353439942504119
13.55,0.0,0.0,-7.355811010497438
13.56,0.0,0.0,-7.352842940516271
13.57,0.0,0.0,-7.348488588567929
13.58,0.0,0.0,-7.3545899851209136
13.59,0.0,0.0,-7.361624344258523
13.6,0.0,0.0,-7.365355669329131
13.61,0.0,0.0,-7.364804734377888
13.62,0.0,0.0,-7.362228517716644
13.63,0.0,0.0,-7.36384603062204
13.64,0.0,0.0,-7.3619432950142745
13.65,0.0,0.0,-7.359344773658591
13.66,0.0,0.0,-7.356524474494038
13.67,0.0,0.0,-7.354512165478965
13.68,0.0,0.0,-7.352470061924653
13.69,0.0,0.0,-7.350669770843387
13.7,0.0,0.0,-7.349093448742581
13.71,0.0,0.0,-7.347760728285996
13.72,0.0,0.0,-7.344664122981992
13.73,0.0,0.0,-7.342547684671603
13.74,0.0,0.0,-7.341406818528254
13.75,0.0,0.0,-7.341493853530114
13.76,0.0,0.0,-7.334228975025745
13.77,0.0,0.0,-7.329181215429615
13.78,0.0,0.0,-7.326418399947544
13.79,0.0,0.0,-7.326548047990964
13.8,0.0,0.0,-7.3212809155199094
13.81,0.0,0.0,-7.318755667665653
13.82,0.0,0.0,-7.314687190780263
13.83,0.0,0.0,-7.314110452664405
13.84,0.0,0.0,-7.316852170327739
13.85,0.0,0.0,-7.320587359826009
13.86,0.0,0.0,-7.317783025329822
13.87,0.0,0.0,-7.319941640628292
13.88,0.0,0.0,-7.323863332304427
13.89,0.0,0.0,-7.328781067895181
13.9,0.0,0.0,-7.326222341584519
13.91,0.0,0.0,-7.329061599839331
13.92,0.0,0.0,-7.333677635398054
13.93,0.0,0.0,-7.3394611683667055
13.94,0.0,0.0,-7.346138025295862
13.95,0.0,0.0,-7.347727155544363
13.96,0.0,0.0,-7.3523595257926315
13.97,0.0,0.0,-7.358770588027784
13.98,0.0,0.0,-7.366538876298275
13.99,0.0,0.0,-7.354025681886916
14.0,0.0,0.0,-7.347100125916909
14.01,0.0,0.0,-7.348920089445606
14.02,0.0,0.0,-7.355356315537187
14.03,0.0,0.0,-7.364334004113624
14.04,0.0,0.0,-7.3633399898722995
14.05,0.0,0.0,-7.3491616013352
14.06,0.0,0.0,-7.341819887636241
14.07,0.0,0.0,-7.345074179309338
14.08,0.0,0.0,-7.353145922908273
14.09,0.0,0.0,-7.363983160483445
14.1,0.0,0.0,-7.355847276463309
14.11,0.0,0.0,-7.357950633727925
14.12,0.0,0.0,-7.365590140090807
14.13,0.0,0.0,-7.376139093237291
14.14,0.0,0.0,-7.368340327019866
14.15,0.0,0.0,-7.370851730349785
14.16,0.0,0.0,-7.378635251649849
14.17,0.0,0.0,-7.389262706096171
14.18,0.0,0.0,-7.401863367883281
14.19,0.0,0.0,-7.373687568139311
14.2,0.0,0.0,-7.352481660848801
14.21,0.0,0.0,-7.3386139212571075
14.22,0.0,0.0,-7.332697031538787
14.23,0.0,0.0,-7.3166154728072375
14.24,0.0,0.0,-7.308561989058503
14.25,0.0,0.0,-7.285032478847813
14.26,0.0,0.0,-7.26927412363483
14.27,0.0,0.0,-7.2619832899088355
14.28,0.0,0.0,-7.267277621827513
14.29,0.0,0.0,-7.277678560955747
14.3,0.0,0.0,-7.264689788122338
14.31,0.0,0.0,-7.260431140344884
14.32,0.0,0.0,-7.267665578486093
14.33,0.0,0.0,-7.279028115651015
14.34,0.0,0.0,-7.2688561264565905
14.35,0.0,0.0,-7.2698423949490945
14.36,0.0,0.0,-7.278303576375048
14.37,0.0,0.0,-7.2904011320495385
14.38,0.0,0.0,-7.30506563002566
14.39,0.0,0.0,-7.290210666253007
14.4,0.0,0.0,-7.2837923287810815
14.41,0.0,0.0,-7.2895874020075
14.42,0.0,0.0,-7.300463741484767
14.43,0.0,0.0,-7.314578520490498
14.44,0.0,0.0,-7.289338890872433
14.45,0.0,0.0,-7.272296553671257
14.46,0.0,0.0,-7.264390401709807
14.47,0.0,0.0,-7.270375821477563
14.48,0.0,0.0,-7.249659746356189
14.49,0.0,0.0,-7.219675998148323
14.5,0.0,0.0,-7.1990717750829525
14.51,0.0,0.0,-7.188475452758595
14.52,0.0,0.0,-7.193508195497404
14.53,0.0,0.0,-7.205903277036283
14.54,0.0,0.0,-7.194639511281878
14.55,0.0,0.0,-7.198477650650308
14.56,0.0,0.0,-7.210307510732238
14.57,0.0,0.0,-7.226672440533883
14.58,0.0,0.0,-7.207575263684188
14.59,0.0,0.0,-7.1983353615402494
14.6,0.0,0.0,-7.204452211362913
14.61,0.0,0.0,-7.217083016925105
14.62,0.0,0.0,-7.2337135346341555
14.63,0.0,0.0,-7.201617486809003
14.64,0.0,0.0,-7.178372085289878
14.65,0.0,0.0,-7.164481311862076
14.66,0.0,0.0,-7.162109648796285
14.67,0.0,0.0,-7.172108466288061
14.68,0.0,0.0,-7.149795691100652
14.69,0.0,0.0,-7.116965309964849
14.7,0.0,0.0,-7.093368870598864
14.71,0.0,0.0,-7.079418233701506
14.72,0.0,0.0,-7.077581353230059
14.73,0.0,0.0,-7.059794285306509
14.74,0.0,0.0,-7.05240161011933
14.75,0.0,0.0,-7.060005614728719
14.76,0.0,0.0,-7.073644293155365
14.77,0.0,0.0,-7.091233545508967
14.78,0.0,0.0,-7.074447032809192
14.79,0.0,0.0,-7.0679765751259716
14.8,0.0,0.0,-7.076013467080519
14.81,0.0,0.0,-7.089784879593166
14.82,0.0,0.0,-7.107431305376839
14.83,0.0,0.0,-7.079520526109779
14.84,0.0,0.0,-7.0607884179913025
14.85,0.0,0.0,-7.052238910882804
14.86,0.0,0.0,-7.05920237400572
14.87,0.0,0.0,-7.0727857112416705
14.88,0.0,0.0,-7.053947447764508
14.89,0.0,0.0,-7.024333496945842
14.9,0.0,0.0,-7.004882166379573
14.91,0.0,0.0,-6.997011296217769
14.92,0.0,0.0,-7.005973385206133
14.93,0.0,0.0,-6.991894456233509
14.94,0.0,0.0,-6.994283367877476
14.95,0.0,0.0,-7.007141719453105
14.96,0.0,0.0,-7.025736375990973
14.97,0.0,0.0,-7.008611291236597
14.98,0.0,0.0,-7.004390495997633
14.99,0.0,0.0,-7.01596396745497
15.0,0.0,0.0,-7.03383305725669
15.01,0.0,0.0,-7.056030989036131
15.02,0.0,0.0,-7.048163056963049
15.03,0.0,0.0,-7.057066942256954
15.04,0.0,0.0,-7.072876479886235
15.05,0.0,0.0,-7.093347584226204
15.06,0.0,0.0,-7.059664564355466
15.07,0.0,0.0,-7.036296845425659
15.08,0.0,0.0,-7.024320721392476
15.09,0.0,0.0,-7.030099154432417
15.1,0.0,0.0,-7.010090225565694
15.11,0.0,0.0,-7.002265895175811
15.12,0.0,0.0,-6.981269392016991
15.13,0.0,0.0,-6.972511335090831
15.14,0.0,0.0,-6.9817146703762925
15.15,0.0,0.0,-6.99833911630614
15.16,0.0,0.0,-6.978401696753985
15.17,0.0,0.0,-6.970789802002393
15.18,0.0,0.0,-6.980721680041894
15.19,0.0,0.0,-6.997671024620127
15.2,0.0,0.0,-7.019324617323766
15.21,0.0,0.0,-7.010471331136095
15.22,0.0,0.0,-7.018609746412977
15.23,0.0,0.0,-7.033901057603039
15.24,0.0,0.0,-7.05390688299834
15.25,0.0,0.0,-7.077399677820288
15.26,0.0,0.0,-7.044769908628961
15.27,0.0,0.0,-7.022218986814901
15.28,0.0,0.0,-7.010724511185825
15.29,0.0,0.0,-7.016480014182885
15.3,0.0,0.0,-6.9965128143309325
15.31,0.0,0.0,-6.988458840665107
15.32,0.0,0.0,-6.967865155766251
15.33,0.0,0.0,-6.959494080655699
15.34,0.0,0.0,-6.969043519681184
15.35,0.0,0.0,-6.98597602916789
15.36,0.0,0.0,-6.9679123647000925
15.37,0.0,0.0,-6.963213720943627
15.38,0.0,0.0,-6.9752195561373025
15.39,0.0,0.0,-6.993819261148286
15.4,0.0,0.0,-6.9833381059450526
15.41,0.0,0.0,-6.990979252872001
15.42,0.0,0.0,-7.006727942414969
15.43,0.0,0.0,-7.0276929618735355
15.44,0.0,0.0,-7.052529853664091
15.45,0.0,0.0,-7.058341584539231
15.46,0.0,0.0,-7.072496016932526
15.47,0.0,0.0,-7.091811587760753
15.48,0.0,0.0,-7.11497393615563
15.49,0.0,0.0,-7.140993203439624
15.5,0.0,0.0,-7.1084984132161075
15.51,0.0,0.0,-7.086124329101829
15.52,0.0,0.0,-7.074927654994773
15.53,0.0,0.0,-7.081028664662386
15.54,0.0,0.0,-7.064313013444764
15.55,0.0,0.0,-7.060412592687042
15.56,0.0,0.0,-7.033216257388494
15.57,0.0,0.0,-7.016834684314542
15.58,0.0,0.0,-7.013989544967857
15.59,0.0,0.0,-7.0258505412217325
15.6,0.0,0.0,-7.009080435643556
15.61,0.0,0.0,-7.004670907225638
15.62,0.0,0.0,-7.015387303097056
15.63,0.0,0.0,-7.031769031403247
15.64,0.0,0.0,-7.022287511507079
15.65,0.0,0.0,-7.028441152388781
15.66,0.0,0.0,-7.041276276120302
15.67,0.0,0.0,-7.058185709698063
15.68,0.0,0.0,-7.0778942729302905
15.69,0.0,0.0,-7.061755389927261
15.7,0.0,0.0,-7.054843039715457
15.71,0.0,0.0,-7.0611156131623645
15.72,0.0,0.0,-7.072650452288293
15.73,0.0,0.0,-7.087191428409161
15.74,0.0,0.0,-7.058963107741255
15.75,0.0,0.0,-7.038242989075148
15.76,0.0,0.0,-7.0252423100750505
15.77,0.0,0.0,-7.020854226404323
15.78,0.0,0.0,-6.9988709227093935
15.79,0.0,0.0,-6.971356724277425
15.8,0.0,0.0,-6.951616938988481
15.81,0.0,0.0,-6.939879648654132
15.82,0.0,0.0,-6.9380418559839
15.83,0.0,0.0,-6.9466172391084005
15.84,0.0,0.0,-6.941071380670935
15.85,0.0,0.0,-6.9475029457504185
15.86,0.0,0.0,-6.9584766652987415
15.87,0.0,0.0,-6.9723753388179555
15.88,0.0,0.0,-6.9720299796292675
15.89,0.0,0.0,-6.98013158478613
15.9,0.0,0.0,-6.991757495960236
15.91,0.0,0.0,-7.005642336319666
15.92,0.0,0.0,-7.021167807005995
15.93,0.0,0.0,-7.014780290995294
15.94,0.0,0.0,-7.019011649108137
15.95,0.0,0.0,-7.027521181724866
15.96,0.0,0.0,-7.03869252697282
15.97,0.0,0.0,-7.051707502460628
15.98,0.0,0.0,-7.053923360693077
15.99,0.0,0.0,-7.04676702514457
16.0,0.0,0.0,-7.049870767461895
16.01,0.0,0.0,-7.057687305726921
16.02,0.0,0.0,-7.068199853980142
16.03,0.0,0.0,-7.080543134625262
16.04,0.0,0.0,-7.087397740089519
16.05,0.0,0.0,-7.096938465920083
16.06,0.0,0.0,-7.108256085519089
16.07,0.0,0.0,-7.120801081558067
16.08,0.0,0.0,-7.120328491216966
16.09,0.0,0.0,-7.1263466360515375
16.1,0.0,0.0,-7.134767968141615
16.11,0.0,0.0,-7.144664322425901
16.12,0.0,0.0,-7.155465953536652
16.13,0.0,0.0,-7.1458585939286134
16.14,0.0,0.0,-7.141593548061995
16.15,0.0,0.0,-7.144690595372583
16.16,0.0,0.0,-7.1503799597790145
16.17,0.0,0.0,-7.143228751726097
16.18,0.0,0.0,-7.141320637471744
16.19,0.0,0.0,-7.1344408834036
16.2,0.0,0.0,-7.132610691368026
16.21,0.0,0.0,-7.13636851450425
16.22,0.0,0.0,-7.141651718647049
16.23,0.0,0.0,-7.147692348900414
16.24,0.0,0.0,-7.1499358818999825
16.25,0.0,0.0,-7.153561190325477
16.26,0.0,0.0,-7.1576782545553215
16.27,0.0,0.0,-7.161873211241927
16.28,0.0,0.0,-7.164590038547388
16.29,0.0,0.0,-7.167199047231583
16.3,0.0,0.0,-7.169329446176701
16.31,0.0,0.0,-7.170762863260568
16.32,0.0,0.0,-7.171135040739067
16.33,0.0,0.0,-7.175848087999583
16.34,0.0,0.0,-7.178259785237028
16.35,0.0,0.0,-7.177052925500205
16.36,0.0,0.0,-7.174666079144153
16.37,0.0,0.0,-7.180674066977152
16.38,0.0,0.0,-7.183638859388737
16.39,0.0,0.0,-7.191618889098051
16.4,0.0,0.0,-7.196178866454955
16.41,0.0,0.0,-7.19641190607709
16.42,0.0,0.0,-7.193286344548897
16.43,0.0,0.0,-7.189113598781526
16.44,0.0,0.0,-7.195480928196428
16.45,0.0,0.0,-7.198008436962196
16.46,0.0,0.0,-7.195295826531587
16.47,0.0,0.0,-7.190988577148205
16.48,0.0,0.0,-7.201322265222036
16.49,0.0,0.0,-7.207469383227381
16.5,0.0,0.0,-7.208657995199041
16.51,0.0,0.0,-7.204502158661985
16.52,0.0,0.0,-7.198527616725476
16.53,0.0,0.0,-7.213398730729547
16.54,0.0,0.0,-7.223159693420985
16.55,0.0,0.0,-7.227128544156046
16.56,0.0,0.0,-7.223001299716455
16.57,0.0,0.0,-7.215907592542194
16.58,0.0,0.0,-7.225555431632957
16.59,0.0,0.0,-7.241273270980887
16.6,0.0,0.0,-7.250641888970731
16.61,0.0,0.0,-7.2520726771811015
16.62,0.0,0.0,-7.245273146674012
16.63,0.0,0.0,-7.254477233419703
16.64,0.0,0.0,-7.254072949019623
16.65,0.0,0.0,-7.246532047950207
16.66,0.0,0.0,-7.235663447936786
16.67,0.0,0.0,-7.222489412151008
16.68,0.0,0.0,-7.2362251529617625
16.69,0.0,0.0,-7.24198322796842
16.7,0.0,0.0,-7.236030299568875
16.71,0.0,0.0,-7.2255418049538065
16.72,0.0,0.0,-7.236862996555178
16.73,0.0,0.0,-7.238061648642843
16.74,0.0,0.0,-7.229183144365691
16.75,0.0,0.0,-7.2161466517328545
16.76,0.0,0.0,-7.20008452553432
16.77,0.0,0.0,-7.227717559224664
16.78,0.0,0.0,-7.246897070113426
16.79,0.0,0.0,-7.256628399680343
16.8,0.0,0.0,-7.251826530546021
16.81,0.0,0.0,-7.2690711647793425
16.82,0.0,0.0,-7.295159089064041
16.83,0.0,0.0,-7.311776844280348
16.84,0.0,0.0,-7.317554935444597
16.85,0.0,0.0,-7.3087820599050675
16.86,0.0,0.0,-7.331180945191187
16.87,0.0,0.0,-7.343854449455688
16.88,0.0,0.0,-7.342109362249994
16.89,0.0,0.0,-7.331100213792833
16.9,0.0,0.0,-7.3153254396387215
16.91,0.0,0.0,-7.327839266250587
16.92,0.0,0.0,-7.3264059963770425
16.93,0.0,0.0,-7.31572842409137
16.94,0.0,0.0,-7.300351916967141
16.95,0.0,0.0,-7.281680425142492
16.96,0.0,0.0,-7.312733583615051
16.97,0.0,0.0,-7.334849093902923
16.98,0.0,0.0,-7.347356658222838
16.99,0.0,0.0,-7.345146922188109
17.0,0.0,0.0,-7.363090777894832
17.01,0.0,0.0,-7.370001865857491
17.02,0.0,0.0,-7.389649169689336
17.03,0.0,0.0,-7.398349412828785
17.04,0.0,0.0,-7.390381386691142
17.05,0.0,0.0,-7.375592781168473
17.06,0.0,0.0,-7.395059484713434
17.07,0.0,0.0,-7.403004371364411
17.08,0.0,0.0,-7.394212213695465
17.09,0.0,0.0,-7.3784270866038355
17.1,0.0,0.0,-7.357855222576501
17.11,0.0,0.0,-7.364785548111287
17.12,0.0,0.0,-7.355235014600126
17.13,0.0,0.0,-7.3387136781408895
17.14,0.0,0.0,-7.31747287294752
17.15,0.0,0.0,-7.3187871031747385
17.16,0.0,0.0,-7.30648902551655
17.17,0.0,0.0,-7.288231482870389
17.18,0.0,0.0,-7.265605056422375
17.19,0.0,0.0,-7.239631614160107
17.2,0.0,0.0,-7.271265589360942
17.21,0.0,0.0,-7.292250299122429
17.22,0.0,0.0,-7.301002327005766
17.23,0.0,0.0,-7.291744707106965
17.24,0.0,0.0,-7.307630296138758
17.25,0.0,0.0,-7.30784823960841
17.26,0.0,0.0,-7.336498479999438
17.27,0.0,0.0,-7.353629791797839
17.28,0.0,0.0,-7.355786977033794
17.29,0.0,0.0,-7.3424385010173125
17.3,0.0,0.0,-7.36004093425872
17.31,0.0,0.0,-7.363438477208367
17.32,0.0,0.0,-7.350546567944618
17.33,0.0,0.0,-7.331216760293185
17.34,0.0,0.0,-7.307185271111746
17.35,0.0,0.0,-7.309998686074198
17.36,0.0,0.0,-7.297681304676589
17.37,0.0,0.0,-7.279179320603908
17.38,0.0,0.0,-7.256295927511435
17.39,0.0,0.0,-7.230184150940124
17.4,0.0,0.0,-7.266461968436502
17.41,0.0,0.0,-7.292598240223972
17.42,0.0,0.0,-7.307776588276695
17.43,0.0,0.0,-7.307008855472031
17.44,0.0,0.0,-7.3274452061326745
17.45,0.0,0.0,-7.335724364496048
17.46,0.0,0.0,-7.366829666226233
17.47,0.0,0.0,-7.386816815607845
17.48,0.0,0.0,-7.39381045234621
17.49,0.0,0.0,-7.382987272983305
17.5,0.0,0.0,-7.4010829871102795
17.51,0.0,0.0,-7.405282059825461
17.52,0.0,0.0,-7.392802867778133
17.53,0.0,0.0,-7.3735896047464955
17.54,0.0,0.0,-7.34962663913027
17.55,0.0,0.0,-7.346698355535724
17.56,0.0,0.0,-7.3330606527844555
17.57,0.0,0.0,-7.3134046725393365
17.58,0.0,0.0,-7.289409410424151
17.59,0.0,0.0,-7.324180383950026
17.6,0.0,0.0,-7.348103236322394
17.61,0.0,0.0,-7.36007409728507
17.62,0.0,0.0,-7.353455972903504
17.63,0.0,0.0,-7.338081820418855
17.64,0.0,0.0,-7.3483160051959855
17.65,0.0,0.0,-7.340429308855276
17.66,0.0,0.0,-7.36548889564814
17.67,0.0,0.0,-7.3787815292272185
17.68,0.0,0.0,-7.373620817610165
17.69,0.0,0.0,-7.358798940117109
17.7,0.0,0.0,-7.338173773744191
17.71,0.0,0.0,-7.345780622730803
17.72,0.0,0.0,-7.33598008792463
17.73,0.0,0.0,-7.31904246125349
17.74,0.0,0.0,-7.297172610320548
17.75,0.0,0.0,-7.297965925625945
17.76,0.0,0.0,-7.285508514992134
17.77,0.0,0.0,-7.267368900730166
17.78,0.0,0.0,-7.24509932553389
17.79,0.0,0.0,-7.219678639663818
17.8,0.0,0.0,-7.25035355212562
17.81,0.0,0.0,-7.270843034390787
17.82,0.0,0.0,-7.279854181775688
17.83,0.0,0.0,-7.271698684415413
17.84,0.0,0.0,-7.287245777115301
17.85,0.0,0.0,-7.28873494383794
17.86,0.0,0.0,-7.316509921677798
17.87,0.0,0.0,-7.333521217441029
17.88,0.0,0.0,-7.337148721824567
17.89,0.0,0.0,-7.325447270759977
17.9,0.0,0.0,-7.307551953218862
17.91,0.0,0.0,-7.31914065663795
17.92,0.0,0.0,-7.31350784790959
17.93,0.0,0.0,-7.299544012200362
17.94,0.0,0.0,-7.280475380978455
17.95,0.0,0.0,-7.287293339639219
17.96,0.0,0.0,-7.278021628457087
17.97,0.0,0.0,-7.262430737988795
17.98,0.0,0.0,-7.242509738886125
17.99,0.0,0.0,-7.219518996794695
18.0,0.0,0.0,-7.251987287274863
18.01,0.0,0.0,-7.274863147418638
18.02,0.0,0.0,-7.287430148563305
18.03,0.0,0.0,-7.283916246244588
18.04,0.0,0.0,-7.300824105715353
18.05,0.0,0.0,-7.306314221202259
18.06,0.0,0.0,-7.331308290348265
18.07,0.0,0.0,-7.346242493302547
18.08,0.0,0.0,-7.348079820829989
18.09,0.0,0.0,-7.336776434791549
18.1,0.0,0.0,-7.349680247249087
18.11,0.0,0.0,-7.347365823329259
18.12,0.0,0.0,-7.335621883486069
18.13,0.0,0.0,-7.318926779981129
18.14,0.0,0.0,-7.298648659073721
18.15,0.0,0.0,-7.294167123944074
18.16,0.0,0.0,-7.282353284636655
18.17,0.0,0.0,-7.266202922711091
18.18,0.0,0.0,-7.246959481612212
18.19,0.0,0.0,-7.225522369494609
18.2,0.0,0.0,-7.249485115574034
18.21,0.0,0.0,-7.264749676520084
18.22,0.0,0.0,-7.270022348530696
18.23,0.0,0.0,-7.262041962684675
18.24,0.0,0.0,-7.273551595947349
18.25,0.0,0.0,-7.271972957187863
18.26,0.0,0.0,-7.292647235630398
18.27,0.0,0.0,-7.304442659433462
18.28,0.0,0.0,-7.303145639541769
18.29,0.0,0.0,-7.29326813632629
18.3,0.0,0.0,-7.304459120088531
18.31,0.0,0.0,-7.302582073836659
18.32,0.0,0.0,-7.292759867630713
18.33,0.0,0.0,-7.278836751588808
18.34,0.0,0.0,-7.262086874547353
18.35,0.0,0.0,-7.260948729455144
18.36,0.0,0.0,-7.252009209866008
18.37,0.0,0.0,-7.239266775953401
18.38,0.0,0.0,-7.2238987418069565
18.39,0.0,0.0,-7.233707386473735
18.4,0.0,0.0,-7.232528625894751
18.41,0.0,0.0,-7.224372436132686
18.42,0.0,0.0,-7.212820626471457
18.43,0.0,0.0,-7.199016435781167
18.44,0.0,0.0,-7.216938383714764
18.45,0.0,0.0,-7.2278350016708455
18.46,0.0,0.0,-7.230374751173791
18.47,0.0,0.0,-7.223449636829574
18.48,0.0,0.0,-7.235508562050774
18.49,0.0,0.0,-7.251912148456909
18.5,0.0,0.0,-7.261338414239822
18.51,0.0,0.0,-7.2615111763248
18.52,0.0,0.0,-7.254144089817225
18.53,0.0,0.0,-7.243773219628682
18.54,0.0,0.0,-7.243946644613403
18.55,0.0,0.0,-7.23711403511319
18.56,0.0,0.0,-7.227492488979152
18.57,0.0,0.0,-7.2160835962351415
18.58,0.0,0.0,-7.219654149388991
18.59,0.0,0.0,-7.214694999968801
18.6,0.0,0.0,-7.206936370042891
18.61,0.0,0.0,-7.197412084243413
18.62,0.0,0.0,-7.186724359263915
18.63,0.0,0.0,-7.193928763841867
18.64,0.0,0.0,-7.1939841561752775
18.65,0.0,0.0,-7.188658786257386
18.66,0.0,0.0,-7.1813137517268135
18.67,0.0,0.0,-7.1727740089652565
18.68,0.0,0.0,-7.1748825727984675
18.69,0.0,0.0,-7.179664056552999
18.7,0.0,0.0,-7.177702691952183
18.71,0.0,0.0,-7.173007903720385
18.72,0.0,0.0,-7.166927410372327
18.73,0.0,0.0,-7.16005662838948
18.74,0.0,0.0,-7.156716902792592
18.75,0.0,0.0,-7.15200889085317
18.76,0.0,0.0,-7.146637807386373
18.77,0.0,0.0,-7.141018622577183
18.78,0.0,0.0,-7.138759594816183
18.79,0.0,0.0,-7.135700647183748
18.8,0.0,0.0,-7.132500198787799
18.81,0.0,0.0,-7.129367373498583
18.82,0.0,0.0,-7.125913746698518
18.83,0.0,0.0,-7.123100347833929
18.84,0.0,0.0,-7.121083960174264
18.85,0.0,0.0,-7.120085850634274
18.86,0.0,0.0,-7.120842059288469
18.87,0.0,0.0,-7.114031895326919
18.88,0.0,0.0,-7.109896527129098
18.89,0.0,0.0,-7.109086792559134
18.9,0.0,0.0,-7.1117454959992665
18.91,0.0,0.0,-7.105855899220681
18.92,0.0,0.0,-7.096636412489919
18.93,0.0,0.0,-7.091435996580647
18.94,0.0,0.0,-7.091823637820283
18.95,0.0,0.0,-7.0957820127184865
18.96,0.0,0.0,-7.10135169423671
18.97,0.0,0.0,-7.091339074895871
18.98,0.0,0.0,-7.086159902942381
18.99,0.0,0.0,-7.088350943263862
19.0,0.0,0.0,-7.093718299612797
19.01,0.0,0.0,-7.100879541832709
19.02,0.0,0.0,-7.092631414483009
19.03,0.0,0.0,-7.090203678286802
19.04,0.0,0.0,-7.095062711941062
19.05,0.0,0.0,-7.102439974387454
19.06,0.0,0.0,-7.111571655940881
19.07,0.0,0.0,-7.094613753619725
19.08,0.0,0.0,-7.083646287810216
19.09,0.0,0.0,-7.079504685037035
19.1,0.0,0.0,-7.084812108861656
19.11,0.0,0.0,-7.093692854048642
19.12,0.0,0.0,-7.076763442985435
19.13,0.0,0.0,-7.066832802277189
19.14,0.0,0.0,-7.066947782976977
19.15,0.0,0.0,-7.074931220708855
19.16,0.0,0.0,-7.0865494708932335
19.17,0.0,0.0,-7.076515035820564
19.18,0.0,0.0,-7.078333142562404
19.19,0.0,0.0,-7.087369008504379
19.2,0.0,0.0,-7.100368359813388
19.21,0.0,0.0,-7.116126097832987
19.22,0.0,0.0,-7.11268973574405
19.23,0.0,0.0,-7.120891280202553
19.24,0.0,0.0,-7.133636792821684
19.25,0.0,0.0,-7.149597055244221
19.26,0.0,0.0,-7.124359260286457
19.27,0.0,0.0,-7.107805628120293
19.28,0.0,0.0,-7.101214426072627
19.29,0.0,0.0,-7.108851075188461
19.3,0.0,0.0,-7.1223364092496215
19.31,0.0,0.0,-7.110835632600997
19.32,0.0,0.0,-7.089431726140577
19.33,0.0,0.0,-7.077904094265675
19.34,0.0,0.0,-7.0818585601657285
19.35,0.0,0.0,-7.094012879548713
19.36,0.0,0.0,-7.110949310691543
19.37,0.0,0.0,-7.094281026384965
19.38,0.0,0.0,-7.088818466422943
19.39,0.0,0.0,-7.09848730571817
19.4,0.0,0.0,-7.113963130475643
19.41,0.0,0.0,-7.101053405123662
19.42,0.0,0.0,-7.103427022954962
19.43,0.0,0.0,-7.115107118985369
19.44,0.0,0.0,-7.132041139765758
19.45,0.0,0.0,-7.152595119760055
19.46,0.0,0.0,-7.151300196931659
19.47,0.0,0.0,-7.162423409874574
19.48,0.0,0.0,-7.178953731272912
19.49,0.0,0.0,-7.1992935368782325
19.5,0.0,0.0,-7.167990128205348
19.51,0.0,0.0,-7.146671704022564
19.52,0.0,0.0,-7.1366053866134385
19.53,0.0,0.0,-7.14389023299948
19.54,0.0,0.0,-7.158941599341366
19.55,0.0,0.0,-7.151775612135484
19.56,0.0,0.0,-7.124033513579045
19.57,0.0,0.0,-7.107539784303764
19.58,0.0,0.0,-7.106052802802661
19.59,0.0,0.0,-7.119201475166303
19.6,0.0,0.0,-7.103305034238057
19.61,0.0,0.0,-7.104228170963607
19.62,0.0,0.0,-7.117690099634476
19.63,0.0,0.0,-7.137425537988533
19.64,0.0,0.0,-7.161678470681686
19.65,0.0,0.0,-7.164776457160845
19.66,0.0,0.0,-7.178258689025967
19.67,0.0,0.0,-7.197595799775605
19.68,0.0,0.0,-7.221229213617392
19.69,0.0,0.0,-7.205367170554443
19.7,0.0,0.0,-7.203883255645754
19.71,0.0,0.0,-7.216486689300425
19.72,0.0,0.0,-7.235212288476085
19.73,0.0,0.0,-7.258309063483974
19.74,0.0,0.0,-7.227180112721146
19.75,0.0,0.0,-7.2068378518491905
19.76,0.0,0.0,-7.1990795659388285
19.77,0.0,0.0,-7.209368997081416
19.78,0.0,0.0,-7.227087389514218
19.79,0.0,0.0,-7.1844091288268475
19.8,0.0,0.0,-7.152962396701955
19.81,0.0,0.0,-7.133473652079616
19.82,0.0,0.0,-7.128724503860455
19.83,0.0,0.0,-7.141931291905505
19.84,0.0,0.0,-7.128442159095581
19.85,0.0,0.0,-7.134916599950458
19.86,0.0,0.0,-7.15149045080689
19.87,0.0,0.0,-7.174310542334274
19.88,0.0,0.0,-7.159989278055975
19.89,0.0,0.0,-7.165249629920281
19.9,0.0,0.0,-7.180923582746363
19.91,0.0,0.0,-7.2029004084081425
19.92,0.0,0.0,-7.19404045123371
19.93,0.0,0.0,-7.204062755916872
19.94,0.0,0.0,-7.222183911276542
19.95,0.0,0.0,-7.245679618321359
19.96,0.0,0.0,-7.2733034904086225
19.97,0.0,0.0,-7.240803201911332
19.98,0.0,0.0,-7.219740940768808
19.99,0.0,0.0,-7.211965052130062
20.0,0.0,0.0,-7.22279766677712
20.01,0.0,0.0,-7.203636858573529
20.02,0.0,0.0,-7.17451119828691
20.03,0.0,0.0,-7.157700491120565
20.04,0.0,0.0,-7.159261825031042
20.05,0.0,0.0,-7.1738476990505
20.06,0.0,0.0,-7.195280054779555
20.07,0.0,0.0,-7.1777795820287045
20.08,0.0,0.0,-7.176428932377132
20.09,0.0,0.0,-7.1907857284893835
20.1,0.0,0.0,-7.211982290830238
20.11,0.0,0.0,-7.20131694897307
20.12,0.0,0.0,-7.210304036415207
20.13,0.0,0.0,-7.227746359052269
20.14,0.0,0.0,-7.250883511054504
20.15,0.0,0.0,-7.278239683577686
20.16,0.0,0.0,-7.285743305446591
20.17,0.0,0.0,-7.301800416955725
20.18,0.0,0.0,-7.323477759294365
20.19,0.0,0.0,-7.349324800457792
20.2,0.0,0.0,-7.3122186443848065
20.21,0.0,0.0,-7.286433023845957
20.22,0.0,0.0,-7.273136628343727
20.23,0.0,0.0,-7.279352081651342
20.24,0.0,0.0,-7.295543095159334
20.25,0.0,0.0,-7.28639275690302
20.26,0.0,0.0,-7.256595441260071
20.27,0.0,0.0,-7.239319093656944
20.28,0.0,0.0,-7.241010092178375
20.29,0.0,0.0,-7.255933561933169
20.3,0.0,0.0,-7.240971907493475
20.31,0.0,0.0,-7.245933207107767
20.32,0.0,0.0,-7.261782473556442
20.33,0.0,0.0,-7.284136778930603
20.34,0.0,0.0,-7.311258983979798
20.35,0.0,0.0,-7.318744720549672
20.36,0.0,0.0,-7.33498862173048
20.37,0.0,0.0,-7.356787165903023
20.38,0.0,0.0,-7.382647394711129
20.39,0.0,0.0,-7.411635089882214
20.4,0.0,0.0,-7.37695814027385
20.41,0.0,0.0,-7.352892632131909
20.42,0.0,0.0,-7.340455863659602
20.43,0.0,0.0,-7.346218835644197
20.44,0.0,0.0,-7.328269324538816
20.45,0.0,0.0,-7.32357218466473
20.46,0.0,0.0,-7.294887452734287
20.47,0.0,0.0,-7.277449540152806
20.48,0.0,0.0,-7.274060338789246
20.49,0.0,0.0,-7.286484572997306
20.5,0.0,0.0,-7.269716935473833
20.51,0.0,0.0,-7.266876785647053
20.52,0.0,0.0,-7.279258238313087
20.53,0.0,0.0,-7.297711380020917
20.54,0.0,0.0,-7.320385925119155
20.55,0.0,0.0,-7.321810750767671
20.56,0.0,0.0,-7.333795630931256
20.57,0.0,0.0,-7.351113976151087
20.58,0.0,0.0,-7.372126708333131
20.59,0.0,0.0,-7.395841197422637
20.6,0.0,0.0,-7.362571334085233
20.61,0.0,0.0,-7.338571506452909
20.62,0.0,0.0,-7.32434582694506
20.63,0.0,0.0,-7.322458203422928
20.64,0.0,0.0,-7.305460130207748
20.65,0.0,0.0,-7.299324497162084
20.66,0.0,0.0,-7.276324756426674
20.67,0.0,0.0,-7.263238132879458
20.68,0.0,0.0,-7.26486673765371
20.69,0.0,0.0,-7.275990946124685
20.7,0.0,0.0,-7.291906468791135
20.71,0.0,0.0,-7.283664617402119
20.72,0.0,0.0,-7.289911251142718
20.73,0.0,0.0,-7.3021598736501385
20.74,0.0,0.0,-7.318100728461698
20.75,0.0,0.0,-7.314456803777954
20.76,0.0,0.0,-7.322745141632401
20.77,0.0,0.0,-7.335309416386743
20.78,0.0,0.0,-7.350658846562937
20.79,0.0,0.0,-7.367815801824375
20.8,0.0,0.0,-7.34112688286171
20.81,0.0,0.0,-7.3217340401665725
20.82,0.0,0.0,-7.3097741148916136
20.83,0.0,0.0,-7.306039143852948
20.84,0.0,0.0,-7.291985965756911
20.85,0.0,0.0,-7.285675984828986
20.86,0.0,0.0,-7.266547979269308
20.87,0.0,0.0,-7.254596348957553
20.88,0.0,0.0,-7.250815546052196
20.89,0.0,0.0,-7.257163806649629
20.9,0.0,0.0,-7.245903459005929
20.91,0.0,0.0,-7.242163317540848
20.92,0.0,0.0,-7.2480278463602685
20.93,0.0,0.0,-7.257067045727432
20.94,0.0,0.0,-7.268009342323657
20.95,0.0,0.0,-7.263230922086492
20.96,0.0,0.0,-7.267042726833249
20.97,0.0,0.0,-7.2738108615095065
20.98,0.0,0.0,-7.282178257643205
20.99,0.0,0.0,-7.270943365234829
21.0,0.0,0.0,-7.264637190089886
21.01,0.0,0.0,-7.264473921924463
21.02,0.0,0.0,-7.268924026491349
21.03,0.0,0.0,-7.274798524773542
21.04,0.0,0.0,-7.259719738691064
21.05,0.0,0.0,-7.248804387464263
21.06,0.0,0.0,-7.241865084716313
21.07,0.0,0.0,-7.238957672707139
21.08,0.0,0.0,-7.2331610576873056
21.09,0.0,0.0,-7.228082755621213
21.1,0.0,0.0,-7.227217614661334
21.11,0.0,0.0,-7.23030008516913
21.12,0.0,0.0,-7.234444872012875
21.13,0.0,0.0,-7.239153606507331
21.14,0.0,0.0,-7.243379300128323
21.15,0.0,0.0,-7.247836723938657
21.16,0.0,0.0,-7.252312594028222
21.17,0.0,0.0,-7.256705547691697
21.18,0.0,0.0,-7.26037899404994
21.19,0.0,0.0,-7.263928810216116
21.2,0.0,0.0,-7.267235423764019
21.21,0.0,0.0,-7.270191833933585
21.22,0.0,0.0,-7.272694442390353
21.23,0.0,0.0,-7.274792629949145
21.24,0.0,0.0,-7.276152859840812
21.25,0.0,0.0,-7.276452831841347
21.26,0.0,0.0,-7.275942095738839
21.27,0.0,0.0,-7.275382319849634
21.28,0.0,0.0,-7.2763800695663114
21.29,0.0,0.0,-7.2781359571912345
21.3,0.0,0.0,-7.277628239461697
21.31,0.0,0.0,-7.276272906117717
21.32,0.0,0.0,-7.2744611883563985
21.33,0.0,0.0,-7.2722700809046446
21.34,0.0,0.0,-7.273679865686679
21.35,0.0,0.0,-7.271780018432376
21.36,0.0,0.0,-7.268834659207921
21.37,0.0,0.0,-7.265156291485771
21.38,0.0,0.0,-7.266114889488507
21.39,0.0,0.0,-7.263083113821929
21.4,0.0,0.0,-7.258691498036379
21.41,0.0,0.0,-7.2532804578470165
21.42,0.0,0.0,-7.250470770614528
21.43,0.0,0.0,-7.24551967868042
21.44,0.0,0.0,-7.239018108877042
21.45,0.0,0.0,-7.231346434252736
21.46,0.0,0.0,-7.22264577831678
21.47,0.0,0.0,-7.233820492041612
21.48,0.0,0.0,-7.2393784335997005
21.49,0.0,0.0,-7.2362859669958
21.5,0.0,0.0,-7.229455203452894
21.51,0.0,0.0,-7.235399582536696
21.52,0.0,0.0,-7.247346027691898
21.53,0.0,0.0,-7.252384691936825
21.54,0.0,0.0,-7.247309212971753
21.55,0.0,0.0,-7.238354847574011
21.56,0.0,0.0,-7.226867630924742
21.57,0.0,0.0,-7.236018732922695
21.58,0.0,0.0,-7.235040798925807
21.59,0.0,0.0,-7.227382138367
21.6,0.0,0.0,-7.216370899595075
21.61,0.0,0.0,-7.202971659863516
21.62,0.0,0.0,-7.20707993644011
21.63,0.0,0.0,-7.200497754249236
21.64,0.0,0.0,-7.189823111444012
21.65,0.0,0.0,-7.176335908978743
21.66,0.0,0.0,-7.178385049619403
21.67,0.0,0.0,-7.170414498362143
21.68,0.0,0.0,-7.158478862723648
21.69,0.0,0.0,-7.14375570260589
21.7,0.0,0.0,-7.126853681256808
21.71,0.0,0.0,-7.149376253620323
21.72,0.0,0.0,-7.163792822449863
21.73,0.0,0.0,-7.168622115739569
21.74,0.0,0.0,-7.160576333224541
21.75,0.0,0.0,-7.170984440983476
21.76,0.0,0.0,-7.19539986343314
21.77,0.0,0.0,-7.2106418690466825
21.78,0.0,0.0,-7.214871892301776
21.79,0.0,0.0,-7.205285132126305
21.8,0.0,0.0,-7.19026743791351
21.81,0.0,0.0,-7.198879523817585
21.82,0.0,0.0,-7.192056458811862
21.83,0.0,0.0,-7.178555519161533
21.84,0.0,0.0,-7.160676302497208
21.85,0.0,0.0,-7.164334114950516
21.86,0.0,0.0,-7.154153806419592
21.87,0.0,0.0,-7.138433260204479
21.88,0.0,0.0,-7.1187879554177504
21.89,0.0,0.0,-7.096169951955571
21.9,0.0,0.0,-7.12750419908905
21.91,0.0,0.0,-7.149167299293097
21.92,0.0,0.0,-7.16001027520165
21.93,0.0,0.0,-7.154103894999894
21.94,0.0,0.0,-7.170547020086355
21.95,0.0,0.0,-7.1741979503590505
21.96,0.0,0.0,-7.201135445505323
21.97,0.0,0.0,-7.217129680569282
21.98,0.0,0.0,-7.218712295467147
21.99,0.0,0.0,-7.206059048722978
22.0,0.0,0.0,-7.221343731053015
22.01,0.0,0.0,-7.220327690041124
22.02,0.0,0.0,-7.207259946527187
22.03,0.0,0.0,-7.188165407138992
22.04,0.0,0.0,-7.164715770938768
22.05,0.0,0.0,-7.161870438870608
22.06,0.0,0.0,-7.148727897942997
22.07,0.0,0.0,-7.129806099245274
22.08,0.0,0.0,-7.106669667060948
22.09,0.0,0.0,-7.119874908853227
22.1,0.0,0.0,-7.115920759123822
22.11,0.0,0.0,-7.1023783621931065
22.12,0.0,0.0,-7.08317492653217
22.13,0.0,0.0,-7.059777827211034
22.14,0.0,0.0,-7.087635904064872
22.15,0.0,0.0,-7.104467262655313
22.16,0.0,0.0,-7.107058393963893
22.17,0.0,0.0,-7.094269484586424
22.18,0.0,0.0,-7.116932673708425
22.19,0.0,0.0,-7.151021354704142
22.2,0.0,0.0,-7.17348414055269
22.21,0.0,0.0,-7.182852572878394
22.22,0.0,0.0,-7.172772920673862
22.23,0.0,0.0,-7.154618470881672
22.24,0.0,0.0,-7.1642773842684635
22.25,0.0,0.0,-7.154772693032204
22.26,0.0,0.0,-7.136955127483577
22.27,0.0,0.0,-7.113675646550535
22.28,0.0,0.0,-7.130768537874738
22.29,0.0,0.0,-7.13257995384137
22.3,0.0,0.0,-7.118816363420231
22.31,0.0,0.0,-7.098477554785292
22.32,0.0,0.0,-7.07331824877549
22.33,0.0,0.0,-7.1038542812113805
22.34,0.0,0.0,-7.1226414632708925
22.35,0.0,0.0,-7.126804586987422
22.36,0.0,0.0,-7.113665111804126
22.37,0.0,0.0,-7.093491209805153
22.38,0.0,0.0,-7.112352502784934
22.39,0.0,0.0,-7.1446325867409195
22.4,0.0,0.0,-7.164718735229282
22.41,0.0,0.0,-7.169889559695054
22.42,0.0,0.0,-7.1566107863628154
22.43,0.0,0.0,-7.135819101659482
22.44,0.0,0.0,-7.14200517907616
22.45,0.0,0.0,-7.129287639018664
22.46,0.0,0.0,-7.1089031517593
22.47,0.0,0.0,-7.083125831297023
22.48,0.0,0.0,-7.096832126582552
22.49,0.0,0.0,-7.09059511611531
22.5,0.0,0.0,-7.074294121784135
22.51,0.0,0.0,-7.051628810862527
22.52,0.0,0.0,-7.060392028301216
22.53,0.0,0.0,-7.049689296529803
22.54,0.0,0.0,-7.030835923506609
22.55,0.0,0.0,-7.006337992074285
22.56,0.0,0.0,-6.977551133873016
22.57,0.0,0.0,-7.011248219446998
22.58,0.0,0.0,-7.033062409725662
22.59,0.0,0.0,-7.040990522562646
22.6,0.0,0.0,-7.029455644780034
22.61,0.0,0.0,-7.049004390611963
22.62,0.0,0.0,-7.080564135584832
22.63,0.0,0.0,-7.099515246426617
22.64,0.0,0.0,-7.102223099650213
22.65,0.0,0.0,-7.087796221475515
22.66,0.0,0.0,-7.066197299353667
22.67,0.0,0.0,-7.0879901056430334
22.68,0.0,0.0,-7.095757651129136
22.69,0.0,0.0,-7.084331734269073
22.7,0.0,0.0,-7.0649856137103475
22.71,0.0,0.0,-7.08106334362872
22.72,0.0,0.0,-7.07886214634137
22.73,0.0,0.0,-7.064600575325653
22.74,0.0,0.0,-7.043799229348909
22.75,0.0,0.0,-7.018411402686184
22.76,0.0,0.0,-7.021393078780677
22.77,0.0,0.0,-7.008876427708371
22.78,0.0,0.0,-6.98998777155484
22.79,0.0,0.0,-6.966647531793105
22.8,0.0,0.0,-6.939921365904827
22.81,0.0,0.0,-6.977272261714584
22.82,0.0,0.0,-7.004301617924853
22.83,0.0,0.0,-7.020376628202113
22.84,0.0,0.0,-7.022572282216701
22.85,0.0,0.0,-7.043170657064525
22.86,0.0,0.0,-7.080291070386329
22.87,0.0,0.0,-7.106697870618778
22.88,0.0,0.0,-7.121389631847202
22.89,0.0,0.0,-7.118263345454827
22.9,0.0,0.0,-7.139438073377287
22.91,0.0,0.0,-7.148175724188003
22.92,0.0,0.0,-7.138643982607451
22.93,0.0,0.0,-7.121683434349405
22.94,0.0,0.0,-7.099713084407295
22.95,0.0,0.0,-7.100469708350211
22.96,0.0,0.0,-7.0878991813745
22.97,0.0,0.0,-7.0695220888004116
22.98,0.0,0.0,-7.046984556337934
22.99,0.0,0.0,-7.0214242946236
23.0,0.0,0.0,-7.052292575774474
23.01,0.0,0.0,-7.0730559127631665
23.02,0.0,0.0,-7.08275143498908
23.03,0.0,0.0,-7.075730988066411
23.04,0.0,0.0,-7.06147297900562
23.05,0.0,0.0,-7.071280052112231
23.06,0.0,0.0,-7.097380596815198
23.07,0.0,0.0,-7.113212936913449
23.08,0.0,0.0,-7.1167643722628835
23.09,0.0,0.0,-7.105970304852066
23.1,0.0,0.0,-7.118606590400256
23.11,0.0,0.0,-7.115640307765573
23.12,0.0,0.0,-7.103746342640894
23.13,0.0,0.0,-7.086943384416765
23.14,0.0,0.0,-7.0666957084468
23.15,0.0,0.0,-7.061895204678039
23.16,0.0,0.0,-7.0500716550270335
23.17,0.0,0.0,-7.0341075074479
23.18,0.0,0.0,-7.015292355713737
23.19,0.0,0.0,-6.994386405486921
23.2,0.0,0.0,-7.018914714557824
23.21,0.0,0.0,-7.035239719182705
23.22,0.0,0.0,-7.042595044371292
23.23,0.0,0.0,-7.03664762823275
23.24,0.0,0.0,-7.02545818991599
23.25,0.0,0.0,-7.033756423879451
23.26,0.0,0.0,-7.055469842931128
23.27,0.0,0.0,-7.069265770454818
23.28,0.0,0.0,-7.074241502138547
23.29,0.0,0.0,-7.067443923788014
23.3,0.0,0.0,-7.07926514706048
23.31,0.0,0.0,-7.082099459699023
23.32,0.0,0.0,-7.0744951765541835
23.33,0.0,0.0,-7.063336753006894
23.34,0.0,0.0,-7.0498389726032675
23.35,0.0,0.0,-7.053969615756289
23.36,0.0,0.0,-7.048189742285747
23.37,0.0,0.0,-7.039034153880795
23.38,0.0,0.0,-7.0278321113983955
23.39,0.0,0.0,-7.0394739987204265
23.4,0.0,0.0,-7.0448599995965555
23.41,0.0,0.0,-7.041368718286251
23.42,0.0,0.0,-7.034552032187513
23.43,0.0,0.0,-7.025984093151719
23.44,0.0,0.0,-7.045363523445142
23.45,0.0,0.0,-7.059490903630237
23.46,0.0,0.0,-7.068429809453597
23.47,0.0,0.0,-7.072083891168926
23.48,0.0,0.0,-7.090111754764743
23.49,0.0,0.0,-7.103225835416216
23.5,0.0,0.0,-7.121937025833007
23.51,0.0,0.0,-7.135797318203402
23.52,0.0,0.0,-7.144943791431739
23.53,0.0,0.0,-7.149324912931066
23.54,0.0,0.0,-7.1609886491189725
23.55,0.0,0.0,-7.168273902322186
23.56,0.0,0.0,-7.171094896167086
23.57,0.0,0.0,-7.168415812347735
23.58,0.0,0.0,-7.164281997283472
23.59,0.0,0.0,-7.175152313649778
23.6,0.0,0.0,-7.182644262027175
23.61,0.0,0.0,-7.187100459826706
23.62,0.0,0.0,-7.188674624206971
23.63,0.0,0.0,-7.187206138896667
23.64,0.0,0.0,-7.19981530939625
23.65,0.0,0.0,-7.2096714372039665
23.66,0.0,0.0,-7.217121838730461
23.67,0.0,0.0,-7.22258538290233
23.68,0.0,0.0,-7.230228466965088
23.69,0.0,0.0,-7.236260835102327
23.7,0.0,0.0,-7.240933569172781
23.71,0.0,0.0,-7.244919714410066
23.72,0.0,0.0,-7.248572017924971
23.73,0.0,0.0,-7.252117637487877
23.74,0.0,0.0,-7.253169348501032
23.75,0.0,0.0,-7.255687868085137
23.76,0.0,0.0,-7.259125661619727
23.77,0.0,0.0,-7.263273329410425
23.78,0.0,0.0,-7.268047985153269
23.79,0.0,0.0,-7.263876218345093
23.8,0.0,0.0,-7.265338700042107
23.81,0.0,0.0,-7.26944611539494
23.82,0.0,0.0,-7.275021558889477
23.83,0.0,0.0,-7.263921424886514
23.84,0.0,0.0,-7.257562516150414
23.85,0.0,0.0,-7.257914057270359
23.86,0.0,0.0,-7.262964042144432
23.87,0.0,0.0,-7.270189686663967
23.88,0.0,0.0,-7.262799604289706
23.89,0.0,0.0,-7.263283955309967
23.9,0.0,0.0,-7.2532475791874855
23.91,0.0,0.0,-7.250017327500751
23.92,0.0,0.0,-7.255640827284319
23.93,0.0,0.0,-7.26445135575687
23.94,0.0,0.0,-7.2598480770301945
23.95,0.0,0.0,-7.265049213131886
23.96,0.0,0.0,-7.273996480603275
23.97,0.0,0.0,-7.285443383121775
23.98,0.0,0.0,-7.298804825592002
23.99,0.0,0.0,-7.290918292752162
24.0,0.0,0.0,-7.293948823945499
24.01,0.0,0.0,-7.302502957992433
24.02,0.0,0.0,-7.314339231386493
24.03,0.0,0.0,-7.32856742746674
24.04,0.0,0.0,-7.310371402288018
24.05,0.0,0.0,-7.300023191406295
24.06,0.0,0.0,-7.30157164959244
24.07,0.0,0.0,-7.310650158572349
24.08,0.0,0.0,-7.29539890169116
24.09,0.0,0.0,-7.289411565741834
24.1,0.0,0.0,-7.271662289521078
24.11,0.0,0.0,-7.26336378988933
24.12,0.0,0.0,-7.26949810032019
24.13,0.0,0.0,-7.281844673088548
24.14,0.0,0.0,-7.274272963887266
24.15,0.0,0.0,-7.281196153630388
24.16,0.0,0.0,-7.294240554631271
24.17,0.0,0.0,-7.311240506821203
24.18,0.0,0.0,-7.331228586081391
24.19,0.0,0.0,-7.320781615773968
24.2,0.0,0.0,-7.325073759923197
24.21,0.0,0.0,-7.336847134880636
24.22,0.0,0.0,-7.353123249497595
24.23,0.0,0.0,-7.327297445063168
24.24,0.0,0.0,-7.310997112190894
24.25,0.0,0.0,-7.305984023907913
24.26,0.0,0.0,-7.315656822701832
24.27,0.0,0.0,-7.331082606724097
24.28,0.0,0.0,-7.319177517999841
24.29,0.0,0.0,-7.323052086748961
24.3,0.0,0.0,-7.3070295767927265
24.31,0.0,0.0,-7.303197704743571
24.32,0.0,0.0,-7.3141381311770335
24.33,0.0,0.0,-7.330803939983934
24.34,0.0,0.0,-7.328700339990337
24.35,0.0,0.0,-7.340092368103653
24.36,0.0,0.0,-7.3570684456433435
24.37,0.0,0.0,-7.378043188519805
24.38,0.0,0.0,-7.367917647511348
24.39,0.0,0.0,-7.374300313361531
24.4,0.0,0.0,-7.38835147840276
24.41,0.0,0.0,-7.407244191493358
24.42,0.0,0.0,-7.429781568899799
24.43,0.0,0.0,-7.429674013721669
24.44,0.0,0.0,-7.4414139240853165
24.45,0.0,0.0,-7.45868895766354
24.46,0.0,0.0,-7.480034916390469
24.47,0.0,0.0,-7.450333748965337
24.48,0.0,0.0,-7.4310624359560995
24.49,0.0,0.0,-7.423986329301242
24.5,0.0,0.0,-7.433980010799875
24.51,0.0,0.0,-7.450752689141677
24.52,0.0,0.0,-7.438824022749409
24.53,0.0,0.0,-7.415246296325102
24.54,0.0,0.0,-7.403642372247683
24.55,0.0,0.0,-7.41029342581006
24.56,0.0,0.0,-7.4256888274433885
24.57,0.0,0.0,-7.403736623906917
24.58,0.0,0.0,-7.393910942523987
24.59,0.0,0.0,-7.4024439225378424
24.6,0.0,0.0,-7.418760927773088
24.61,0.0,0.0,-7.44010293373813
24.62,0.0,0.0,-7.428724930376736
24.63,0.0,0.0,-7.434769932365383
24.64,0.0,0.0,-7.449195964991288
24.65,0.0,0.0,-7.468737853894372
24.66,0.0,0.0,-7.460312067323543
24.67,0.0,0.0,-7.468490319585833
24.68,0.0,0.0,-7.483727703202614
24.69,0.0,0.0,-7.503557822170887
24.7,0.0,0.0,-7.526886670124998
24.71,0.0,0.0,-7.49186284553088
24.72,0.0,0.0,-7.466917602617953
24.73,0.0,0.0,-7.452888596858458
24.74,0.0,0.0,-7.4558368230293395
24.75,0.0,0.0,-7.46891950500702
24.76,0.0,0.0,-7.430393514473603
24.77,0.0,0.0,-7.402555523928761
24.78,0.0,0.0,-7.386332010143634
24.79,0.0,0.0,-7.386043535040213
24.8,0.0,0.0,-7.399541098759689
24.81,0.0,0.0,-7.382731425435258
24.82,0.0,0.0,-7.3805645659805945
24.83,0.0,0.0,-7.393569974112877
24.84,0.0,0.0,-7.412998447723013
24.85,0.0,0.0,-7.436947709623334
24.86,0.0,0.0,-7.43701698287821
24.87,0.0,0.0,-7.449855138392263
24.88,0.0,0.0,-7.468828246419667
24.89,0.0,0.0,-7.492046721599256
24.9,0.0,0.0,-7.452354198808219
24.91,0.0,0.0,-7.423212774473555
24.92,0.0,0.0,-7.40537533041449
24.93,0.0,0.0,-7.40132882989535
24.94,0.0,0.0,-7.413614867351447
24.95,0.0,0.0,-7.397881265184646
24.96,0.0,0.0,-7.3612456069992245
24.97,0.0,0.0,-7.335844590882577
24.98,0.0,0.0,-7.32291936621807
24.99,0.0,0.0,-7.329187837101726
25.0,0.0,0.0,-7.344883574431651
25.01,0.0,0.0,-7.326646143984357
25.02,0.0,0.0,-7.322176174641088
25.03,0.0,0.0,-7.334440432170052
25.04,0.0,0.0,-7.35343077149321
25.05,0.0,0.0,-7.377008009759784
25.06,0.0,0.0,-7.373413506498017
25.07,0.0,0.0,-7.385139301198286
25.08,0.0,0.0,-7.403112580418991
25.09,0.0,0.0,-7.42534538887015
25.1,0.0,0.0,-7.388140227535379
25.11,0.0,0.0,-7.3612283813622
25.12,0.0,0.0,-7.345336307350093
25.13,0.0,0.0,-7.344005724040503
25.14,0.0,0.0,-7.325399672905735
25.15,0.0,0.0,-7.319849889323254
25.16,0.0,0.0,-7.291676238379478
25.17,0.0,0.0,-7.275144420011249
25.18,0.0,0.0,-7.275333024217661
25.19,0.0,0.0,-7.288959848064224
25.2,0.0,0.0,-7.3091183174695455
25.21,0.0,0.0,-7.298817508551891
25.22,0.0,0.0,-7.307147604449287
25.23,0.0,0.0,-7.323823412412369
25.24,0.0,0.0,-7.345864351327725
25.25,0.0,0.0,-7.343816023064363
25.26,0.0,0.0,-7.356547128949025
25.27,0.0,0.0,-7.375474943275942
25.28,0.0,0.0,-7.398856915832887
25.29,0.0,0.0,-7.425636380715363
25.3,0.0,0.0,-7.414116480736691
25.31,0.0,0.0,-7.420138163497613
25.32,0.0,0.0,-7.434599097705388
25.33,0.0,0.0,-7.4543088058338665
25.34,0.0,0.0,-7.4213918597369055
25.35,0.0,0.0,-7.3988165509137565
25.36,0.0,0.0,-7.387810873630628
25.37,0.0,0.0,-7.39462813281956
25.38,0.0,0.0,-7.409644442306613
25.39,0.0,0.0,-7.3866753754534935
25.4,0.0,0.0,-7.350751898749314
25.41,0.0,0.0,-7.325609233493466
25.42,0.0,0.0,-7.312121762075832
25.43,0.0,0.0,-7.316372660131982
25.44,0.0,0.0,-7.296839944891134
25.45,0.0,0.0,-7.289565293369226
25.46,0.0,0.0,-7.2993710704500465
25.47,0.0,0.0,-7.3158245496393715
25.48,0.0,0.0,-7.3366816216819855
25.49,0.0,0.0,-7.317969482933442
25.5,0.0,0.0,-7.310384938721154
25.51,0.0,0.0,-7.318307248228279
25.52,0.0,0.0,-7.332429466982325
25.53,0.0,0.0,-7.350562455389313
25.54,0.0,0.0,-7.317622050635421
25.55,0.0,0.0,-7.293454741608361
25.56,0.0,0.0,-7.278343209117111
25.57,0.0,0.0,-7.273584156431772
25.58,0.0,0.0,-7.246004929567444
25.59,0.0,0.0,-7.227240238436706
25.6,0.0,0.0,-7.197933373515173
25.61,0.0,0.0,-7.1774851329655736
25.62,0.0,0.0,-7.1664206732769555
25.63,0.0,0.0,-7.169248016317109
25.64,0.0,0.0,-7.153452285763957
25.65,0.0,0.0,-7.147487945332373
25.66,0.0,0.0,-7.155024942613914
25.67,0.0,0.0,-7.167634647564966
25.68,0.0,0.0,-7.150900337923968
25.69,0.0,0.0,-7.1430593750730464
25.7,0.0,0.0,-7.148427617650318
25.71,0.0,0.0,-7.159201732089996
25.72,0.0,0.0,-7.173358829424219
25.73,0.0,0.0,-7.150232070566242
25.74,0.0,0.0,-7.134752827203269
25.75,0.0,0.0,-7.12741805024892
25.76,0.0,0.0,-7.132286899304655
25.77,0.0,0.0,-7.1145996601218675
25.78,0.0,0.0,-7.104701906312754
25.79,0.0,0.0,-7.106213845173639
25.8,0.0,0.0,-7.0919478515877765
25.81,0.0,0.0,-7.085608796728159
25.82,0.0,0.0,-7.090764317106226
25.83,0.0,0.0,-7.100281659466511
25.84,0.0,0.0,-7.094116925839449
25.85,0.0,0.0,-7.098425724503754
25.86,0.0,0.0,-7.106907358643884
25.87,0.0,0.0,-7.11773135792906
25.88,0.0,0.0,-7.129945304953426
25.89,0.0,0.0,-7.123273803740575
25.9,0.0,0.0,-7.125378020005561
25.91,0.0,0.0,-7.131583506557293
25.92,0.0,0.0,-7.13973743948764
25.93,0.0,0.0,-7.124853012095136
25.94,0.0,0.0,-7.115102371989007
25.95,0.0,0.0,-7.110601565268729
25.96,0.0,0.0,-7.1135168380500025
25.97,0.0,0.0,-7.119077441312234
25.98,0.0,0.0,-7.110003369637684
25.99,0.0,0.0,-7.105703996254628
26.0,0.0,0.0,-7.096293080406653
26.01,0.0,0.0,-7.091371940524031
26.02,0.0,0.0,-7.092666640435516
26.03,0.0,0.0,-7.096701381389792
26.04,0.0,0.0,-7.091823231247995
26.05,0.0,0.0,-7.091387572552086
26.06,0.0,0.0,-7.094494080500553
26.07,0.0,0.0,-7.098339905820011
26.08,0.0,0.0,-7.09038850888059
26.09,0.0,0.0,-7.085285827294961
26.1,0.0,0.0,-7.082735864856325
26.11,0.0,0.0,-7.082534981863026
26.12,0.0,0.0,-7.083594648112286
26.13,0.0,0.0,-7.076266657393419
26.14,0.0,0.0,-7.0705810739577295
26.15,0.0,0.0,-7.06602110017673
26.16,0.0,0.0,-7.0621213860124765
26.17,0.0,0.0,-7.053459307306484
26.18,0.0,0.0,-7.045857868488875
26.19,0.0,0.0,-7.0389486309060345
26.2,0.0,0.0,-7.032452071421607
26.21,0.0,0.0,-7.026129755622922
26.22,0.0,0.0,-7.019724498977775
26.23,0.0,0.0,-7.017808875505259
26.24,0.0,0.0,-7.013758446998043
26.25,0.0,0.0,-7.008346812804998
26.26,0.0,0.0,-7.001919568687187
26.27,0.0,0.0,-6.994659964880366
26.28,0.0,0.0,-6.9997214188408625
26.29,0.0,0.0,-6.997735446496007
26.3,0.0,0.0,-6.992436397617653
26.31,0.0,0.0,-6.985172324558263
26.32,0.0,0.0,-6.989134227625816
26.33,0.0,0.0,-6.985040023528278
26.34,0.0,0.0,-6.977841367771739
26.35,0.0,0.0,-6.968622144375063
26.36,0.0,0.0,-6.969870200134414
26.37,0.0,0.0,-6.963705739178222
26.38,0.0,0.0,-6.954676277023231
26.39,0.0,0.0,-6.943628186804311
26.4,0.0,0.0,-6.931016201639435
26.41,0.0,0.0,-6.94707529039468
26.42,0.0,0.0,-6.956333184354702
26.43,0.0,0.0,-6.955481220954572
26.44,0.0,0.0,-6.947877276347319
26.45,0.0,0.0,-6.93702846206031
26.46,0.0,0.0,-6.959074097466937
26.47,0.0,0.0,-6.973850334746636
26.48,0.0,0.0,-6.980506454713208
26.49,0.0,0.0,-6.9751058558554115
26.5,0.0,0.0,-6.9649112120144965
26.51,0.0,0.0,-6.974236726674916
26.52,0.0,0.0,-6.971652604190893
26.53,0.0,0.0,-6.962633428273826
26.54,0.0,0.0,-6.950042625398032
26.55,0.0,0.0,-6.955391070275468
26.56,0.0,0.0,-6.9488912557260925
26.57,0.0,0.0,-6.937766695952711
26.58,0.0,0.0,-6.9235562233367585
26.59,0.0,0.0,-6.907082783996224
26.6,0.0,0.0,-6.91671642240594
26.61,0.0,0.0,-6.9140012680293355
26.62,0.0,0.0,-6.904456952974983
26.63,0.0,0.0,-6.891086040708645
26.64,0.0,0.0,-6.913316555229007
26.65,0.0,0.0,-6.927007337307994
26.66,0.0,0.0,-6.930160006122538
26.67,0.0,0.0,-6.9208988002637275
26.68,0.0,0.0,-6.938772041978313
26.69,0.0,0.0,-6.946929923340564
26.7,0.0,0.0,-6.967149779192301
26.71,0.0,0.0,-6.9775306785158495
26.72,0.0,0.0,-6.972450325629947
26.73,0.0,0.0,-6.959969951671172
26.74,0.0,0.0,-6.969772251629298
26.75,0.0,0.0,-6.964091575897394
26.76,0.0,0.0,-6.9512171677412375
26.77,0.0,0.0,-6.93389341479406
26.78,0.0,0.0,-6.913324963923437
26.79,0.0,0.0,-6.925139073703626
26.8,0.0,0.0,-6.922079718712423
26.81,0.0,0.0,-6.91061763058961
26.82,0.0,0.0,-6.894296520094566
26.83,0.0,0.0,-6.921974500379899
26.84,0.0,0.0,-6.939995008317197
26.85,0.0,0.0,-6.946934027756737
26.86,0.0,0.0,-6.9382236558941575
26.87,0.0,0.0,-6.923185212233724
26.88,0.0,0.0,-6.940217940679266
26.89,0.0,0.0,-6.945891179138389
26.9,0.0,0.0,-6.966820110175022
26.91,0.0,0.0,-6.9768379571098045
26.92,0.0,0.0,-6.969894788632037
26.93,0.0,0.0,-6.955409607976455
26.94,0.0,0.0,-6.964520183806909
26.95,0.0,0.0,-6.956959442429413
26.96,0.0,0.0,-6.942132131364256
26.97,0.0,0.0,-6.922582136444589
26.98,0.0,0.0,-6.899582982976152
26.99,0.0,0.0,-6.911037740422395
27.0,0.0,0.0,-6.905918681807453
27.01,0.0,0.0,-6.892624579522966
27.02,0.0,0.0,-6.8743111318424805
27.03,0.0,0.0,-6.904614170260012
27.04,0.0,0.0,-6.924586486901892
27.05,0.0,0.0,-6.93275152824067
27.06,0.0,0.0,-6.923720145081082
27.07,0.0,0.0,-6.907690104396792
27.08,0.0,0.0,-6.930832754370483
27.09,0.0,0.0,-6.94277015194603
27.1,0.0,0.0,-6.971543060046791
27.11,0.0,0.0,-6.98928530329743
27.12,0.0,0.0,-6.993530210905205
27.13,0.0,0.0,-6.981659107348983
27.14,0.0,0.0,-6.998467884283849
27.15,0.0,0.0,-7.001264172155539
27.16,0.0,0.0,-6.988767455411831
27.17,0.0,0.0,-6.970180045716865
27.18,0.0,0.0,-6.947274683320514
27.19,0.0,0.0,-6.9653671196142515
27.2,0.0,0.0,-6.971005824910329
27.21,0.0,0.0,-6.9603218482237645
27.22,0.0,0.0,-6.943160657444763
27.23,0.0,0.0,-6.9788979218870555
27.24,0.0,0.0,-7.004152660507332
27.25,0.0,0.0,-7.018176731297992
27.26,0.0,0.0,-7.0147199240118985
27.27,0.0,0.0,-7.043437177081679
27.28,0.0,0.0,-7.061059397447236
27.29,0.0,0.0,-7.065116584140624
27.3,0.0,0.0,-7.088743248317981
27.31,0.0,0.0,-7.100553049645406
27.32,0.0,0.0,-7.093842626078257
27.33,0.0,0.0,-7.078502155361443
27.34,0.0,0.0,-7.0913415096107455
27.35,0.0,0.0,-7.086256031420872
27.36,0.0,0.0,-7.071890966066495
27.37,0.0,0.0,-7.052012565918138
27.38,0.0,0.0,-7.028112063883114
27.39,0.0,0.0,-7.042512794422086
27.4,0.0,0.0,-7.0408495170332985
27.41,0.0,0.0,-7.028313659621731
27.42,0.0,0.0,-7.010048240874693
27.43,0.0,0.0,-7.042973274091802
27.44,0.0,0.0,-7.065462856629988
27.45,0.0,0.0,-7.076432862469838
27.46,0.0,0.0,-7.069593716605715
27.47,0.0,0.0,-7.05450832415968
27.48,0.0,0.0,-7.07814023395867
27.49,0.0,0.0,-7.0904537830613
27.5,0.0,0.0,-7.1187637133135855
27.51,0.0,0.0,-7.135926720938139
27.52,0.0,0.0,-7.139299240242799
27.53,0.0,0.0,-7.12692259660134
27.54,0.0,0.0,-7.142367608418094
27.55,0.0,0.0,-7.1422231346526
27.56,0.0,0.0,-7.129338168580121
27.57,0.0,0.0,-7.110411158882618
27.58,0.0,0.0,-7.087326041627317
27.59,0.0,0.0,-7.103858360428436
27.6,0.0,0.0,-7.107488015260188
27.61,0.0,0.0,-7.096100260346993
27.62,0.0,0.0,-7.0788696094518135
27.63,0.0,0.0,-7.112985526264535
27.64,0.0,0.0,-7.136840511429366
27.65,0.0,0.0,-7.149570116089781
27.66,0.0,0.0,-7.145183854469615
27.67,0.0,0.0,-7.1320199637316986
27.68,0.0,0.0,-7.154657206052631
27.69,0.0,0.0,-7.166611180890161
27.7,0.0,0.0,-7.193199529287791
27.71,0.0,0.0,-7.209190183942039
27.72,0.0,0.0,-7.212225838451822
27.73,0.0,0.0,-7.200784755649191
27.74,0.0,0.0,-7.2146104187644235
27.75,0.0,0.0,-7.212884990017532
27.76,0.0,0.0,-7.200877126589061
27.77,0.0,0.0,-7.1837332325740375
27.78,0.0,0.0,-7.202172345517341
27.79,0.0,0.0,-7.209946400307514
27.8,0.0,0.0,-7.202143635273914
27.81,0.0,0.0,-7.188013009538625
27.82,0.0,0.0,-7.169812899902754
27.83,0.0,0.0,-7.1797977536421005
27.84,0.0,0.0,-7.174641527147147
27.85,0.0,0.0,-7.162423590838037
27.86,0.0,0.0,-7.145866495526219
27.87,0.0,0.0,-7.126268257931096
27.88,0.0,0.0,-7.160172166688737
27.89,0.0,0.0,-7.185102167221236
27.9,0.0,0.0,-7.200598988035711
27.91,0.0,0.0,-7.205477499526164
27.92,0.0,0.0,-7.227488896628964
27.93,0.0,0.0,-7.257887385467721
27.94,0.0,0.0,-7.278832164332349
27.95,0.0,0.0,-7.289573833529325
27.96,0.0,0.0,-7.2847393566793635
27.97,0.0,0.0,-7.309283762788219
27.98,0.0,0.0,-7.324191794978039
27.99,0.0,0.0,-7.327338290793692
28.0,0.0,0.0,-7.3173352295196565
28.01,0.0,0.0,-7.302308847436733
28.02,0.0,0.0,-7.314181599130339
28.03,0.0,0.0,-7.312338860520548
28.04,0.0,0.0,-7.301932343326598
28.05,0.0,0.0,-7.2871462757738845
28.06,0.0,0.0,-7.296768895876263
28.07,0.0,0.0,-7.293011113108765
28.08,0.0,0.0,-7.282530146870304
28.09,0.0,0.0,-7.268405504736316
28.1,0.0,0.0,-7.29950132442835
28.11,0.0,0.0,-7.322692435465046
28.12,0.0,0.0,-7.337772298267661
28.13,0.0,0.0,-7.3440983207540285
28.14,0.0,0.0,-7.337769075409177
28.15,0.0,0.0,-7.350240948097974
28.16,0.0,0.0,-7.353479464671064
28.17,0.0,0.0,-7.3728727681882065
28.18,0.0,0.0,-7.384411326345174
28.19,0.0,0.0,-7.3863276525805315
28.2,0.0,0.0,-7.378068255961312
28.21,0.0,0.0,-7.3879584271600445
28.22,0.0,0.0,-7.386320850745014
28.23,0.0,0.0,-7.377758468695239
28.24,0.0,0.0,-7.365724715410579
28.25,0.0,0.0,-7.351424316287178
28.26,0.0,0.0,-7.3563426856847665
28.27,0.0,0.0,-7.350700231236836
28.28,0.0,0.0,-7.341198439083585
28.29,0.0,0.0,-7.329362350888946
28.3,0.0,0.0,-7.341812322766096
28.31,0.0,0.0,-7.347424293831297
28.32,0.0,0.0,-7.343199921373141
28.33,0.0,0.0,-7.335290138004638
28.34,0.0,0.0,-7.365003782615185
28.35,0.0,0.0,-7.388371624747762
28.36,0.0,0.0,-7.405463848689941
28.37,0.0,0.0,-7.416269916874638
28.38,0.0,0.0,-7.420274950211159
28.39,0.0,0.0,-7.435545026038688
28.4,0.0,0.0,-7.459448426500661
28.41,0.0,0.0,-7.477270277680606
28.42,0.0,0.0,-7.489060692085099
28.43,0.0,0.0,-7.494515904157494
28.44,0.0,0.0,-7.506729321326577
28.45,0.0,0.0,-7.512806101120955
28.46,0.0,0.0,-7.510186728892708
28.47,0.0,0.0,-7.503845389999773
28.48,0.0,0.0,-7.4956542566388595
28.49,0.0,0.0,-7.502032963562771
28.5,0.0,0.0,-7.5017196564773805
28.51,0.0,0.0,-7.4971662950985785
28.52,0.0,0.0,-7.491099810770194
28.53,0.0,0.0,-7.484257927237625
28.54,0.0,0.0,-7.497605840853438
28.55,0.0,0.0,-7.506930410389629
28.56,0.0,0.0,-7.51243265833918
28.57,0.0,0.0,-7.5139725706545395
28.58,0.0,0.0,-7.517628323632623
28.59,0.0,0.0,-7.516741486876206
28.6,0.0,0.0,-7.517899404875536
28.61,0.0,0.0,-7.515591248271964
28.62,0.0,0.0,-7.512571240559824
28.63,0.0,0.0,-7.5092169874814685
28.64,0.0,0.0,-7.506680105653668
28.65,0.0,0.0,-7.503765184110428
28.66,0.0,0.0,-7.5007058611048985
28.67,0.0,0.0,-7.497599198986103
28.68,0.0,0.0,-7.496597236478598
28.69,0.0,0.0,-7.494791301866073
28.7,0.0,0.0,-7.4926965828180325
28.71,0.0,0.0,-7.490474939623761
28.72,0.0,0.0,-7.488221743547767
28.73,0.0,0.0,-7.486022304677744
28.74,0.0,0.0,-7.483997609102565
28.75,0.0,0.0,-7.4822407697879205
28.76,0.0,0.0,-7.480854840067258
28.77,0.0,0.0,-7.479973014769001
28.78,0.0,0.0,-7.474665283466145
28.79,0.0,0.0,-7.471165391196328
28.8,0.0,0.0,-7.469649089058988
28.81,0.0,0.0,-7.470995703238384
28.82,0.0,0.0,-7.465909762768741
28.83,0.0,0.0,-7.459922399556638
28.84,0.0,0.0,-7.457557317802906
28.85,0.0,0.0,-7.460210063701334
28.86,0.0,0.0,-7.464629019899122
28.87,0.0,0.0,-7.457657982970102
28.88,0.0,0.0,-7.455697179205444
28.89,0.0,0.0,-7.459947640280462
28.9,0.0,0.0,-7.4662882527310215
28.91,0.0,0.0,-7.474042401525027
28.92,0.0,0.0,-7.469065161596186
28.93,0.0,0.0,-7.471961496900199
28.94,0.0,0.0,-7.478209914858278
28.95,0.0,0.0,-7.486468064215168
28.96,0.0,0.0,-7.481806043129716
28.97,0.0,0.0,-7.485749600687973
28.98,0.0,0.0,-7.493105536385501
28.99,0.0,0.0,-7.502679047631657
29.0,0.0,0.0,-7.47968356830444
29.01,0.0,0.0,-7.463231128995196
29.02,0.0,0.0,-7.453861202142405
29.03,0.0,0.0,-7.4549559592346
29.04,0.0,0.0,-7.462752250037268
29.05,0.0,0.0,-7.4550204746841375
29.06,0.0,0.0,-7.438503753886188
29.07,0.0,0.0,-7.429905153437001
29.08,0.0,0.0,-7.43351148348652
29.09,0.0,0.0,-7.442914824702181
29.1,0.0,0.0,-7.455695962942115
29.11,0.0,0.0,-7.44325326865798
29.12,0.0,0.0,-7.439500150751882
29.13,0.0,0.0,-7.446893345475943
29.14,0.0,0.0,-7.45836001720079
29.15,0.0,0.0,-7.450143138843571
29.16,0.0,0.0,-7.454098288021639
29.17,0.0,0.0,-7.463694439120991
29.18,0.0,0.0,-7.476720599344409
29.19,0.0,0.0,-7.492260923112917
29.2,0.0,0.0,-7.48421226994261
29.21,0.0,0.0,-7.488826013597217
29.22,0.0,0.0,-7.499181935811143
29.23,0.0,0.0,-7.513117114220889
29.24,0.0,0.0,-7.485297447091707
29.25,0.0,0.0,-7.465833143529741
29.26,0.0,0.0,-7.455615574268495
29.27,0.0,0.0,-7.459886899400694
29.28,0.0,0.0,-7.43799036750258
29.29,0.0,0.0,-7.425833179327894
29.3,0.0,0.0,-7.401564591360327
29.31,0.0,0.0,-7.38742850513172
29.32,0.0,0.0,-7.388089329685462
29.33,0.0,0.0,-7.399597210377663
29.34,0.0,0.0,-7.386949062363582
29.35,0.0,0.0,-7.390009511096941
29.36,0.0,0.0,-7.402277938154425
29.37,0.0,0.0,-7.41958481879115
29.38,0.0,0.0,-7.440410169365325
29.39,0.0,0.0,-7.430484546350685
29.4,0.0,0.0,-7.436284685577325
29.41,0.0,0.0,-7.449301832369576
29.42,0.0,0.0,-7.4667456997294295
29.43,0.0,0.0,-7.446059454226671
29.44,0.0,0.0,-7.43537111149849
29.45,0.0,0.0,-7.440131336613456
29.46,0.0,0.0,-7.452496071583364
29.47,0.0,0.0,-7.469456908180515
29.48,0.0,0.0,-7.439035518006977
29.49,0.0,0.0,-7.417928825150793
29.5,0.0,0.0,-7.407101506563966
29.51,0.0,0.0,-7.412309877061047
29.52,0.0,0.0,-7.388120369685945
29.53,0.0,0.0,-7.356827951834427
29.54,0.0,0.0,-7.335785984440291
29.55,0.0,0.0,-7.326018459402989
29.56,0.0,0.0,-7.3333869498379505
29.57,0.0,0.0,-7.348269304649428
29.58,0.0,0.0,-7.3334362261647055
29.59,0.0,0.0,-7.3327811914208
29.6,0.0,0.0,-7.344967206960077
29.61,0.0,0.0,-7.362914651349871
29.62,0.0,0.0,-7.344172120121419
29.63,0.0,0.0,-7.33716468492667
29.64,0.0,0.0,-7.3467220383633745
29.65,0.0,0.0,-7.362894543942965
29.66,0.0,0.0,-7.3520863409359
29.67,0.0,0.0,-7.358344166621902
29.68,0.0,0.0,-7.372577719110327
29.69,0.0,0.0,-7.391929898974369
29.7,0.0,0.0,-7.415120692620131
29.71,0.0,0.0,-7.376574644091517
29.72,0.0,0.0,-7.348265355828443
29.73,0.0,0.0,-7.331067346990788
29.74,0.0,0.0,-7.327509631490863
29.75,0.0,0.0,-7.3395847445396045
29.76,0.0,0.0,-7.295625745755359
29.77,0.0,0.0,-7.262431467412742
29.78,0.0,0.0,-7.240594023360762
29.79,0.0,0.0,-7.231490019543561
29.8,0.0,0.0,-7.240912564233905
29.81,0.0,0.0,-7.218561685140165
29.82,0.0,0.0,-7.208492934660406
29.83,0.0,0.0,-7.216813990653472
29.84,0.0,0.0,-7.2329809357907
29.85,0.0,0.0,-7.2199254853165415
29.86,0.0,0.0,-7.224313644317303
29.87,0.0,0.0,-7.2379235671413955
29.88,0.0,0.0,-7.256908154510454
29.89,0.0,0.0,-7.279780380914072
29.9,0.0,0.0,-7.272425780835795
29.91,0.0,0.0,-7.281049057428527
29.92,0.0,0.0,-7.296066334782804
29.93,0.0,0.0,-7.315400113142037
29.94,0.0,0.0,-7.338051263086545
29.95,0.0,0.0,-7.306255379379349
29.96,0.0,0.0,-7.284205933616366
29.97,0.0,0.0,-7.272757012229646
29.98,0.0,0.0,-7.2779728201142815
29.99,0.0,0.0,-7.29161355330437
30.0,0.0,0.0,-7.252758544429284
30.01,0.0,0.0,-7.224263263057831
